#From;To;Type;Through;Data;Comment
#
# American Straits
#
13;14;sea;3011;0;Vancouver Crossing
14;78;sea;3011;0;Vancouver Crossing
62;75;sea;2946;0;Straits of Belle Isle
68;70;sea;2944;0;Cabot Strait
2237;2269;sea;2975;0;Strait of Trinidad
2334;2335;sea;2992;0;Strait of Magellan
2237;2238;sea;2975;0;Trinidad-Tobago Strait
2233;2409;sea;2975;0;Grenada-St. Vincent Strait
2229;2409;sea;2975;0;Barbados-St. Vincent Strait
2231;2409;sea;2975;0;St. Lucia-St. Vincent Strait
2231;2228;sea;2976;0;St. Lucia-Martinique Strait
2232;2228;sea;2976;0;Dominica-Martinique Strait
2232;2230;sea;2976;0;Dominica-Guadeloupe Strait
2225;2230;sea;2976;0;Montserrat-Guadeloupe Strait
2225;2224;sea;2976;0;Montserrat-Antigua Strait
2225;2227;sea;2976;0;Montserrat-St. Kitts Strait
2236;2227;sea;2976;0;St. Martin-St. Kitts Strait
2223;2226;sea;2976;0;St. Thomas-Tortola Strait
2204;2206;sea;3001;0;Panama strait

#Debug Zone
3186;3189;impassable;0;0;scary mountain
3186;3188;impassable;0;0;scary mountain
3186;3187;impassable;0;0;scary mountain
3186;3182;impassable;0;0;scary mountain
3186;3159;impassable;0;0;scary mountain
3186;3183;impassable;0;0;scary mountain

#
# African Straits
#
2036;2048;sea;2901;0;Zanzibar Strait
2123;2124;sea;2902;0;Comoros-Mayotte
1772;1756;sea;2781;0;Suez strait

#
# European Straits  
#
254;271;sea;2737;0;Irish Strait
324;348;sea;2706;0;Aland Strait #Uppsala to Aland #these were in V1
334;372;sea;2711;0;Öresund
335;374;sea;2710;0;Bornholmsfärjan
348;345;sea;2706;0;Aland Strait #Aland to Turku 
353;349;sea;2709;0;Öselsund
353;358;sea;2709;0;Strait of Riga
372;373;sea;2711;0;Fyn-Sjaelland
371;373;sea;2711;0;Fyn-Jylland
2557;373;sea;2711;0;Fyn-Esbjerg
375;385;sea;2722;0;Bay of Holland
418;419;sea;2725;0;Channel Islands Strait
473;766;sea;2751;0;Sassari Strait
826;824;sea;2764;0;Corfu Strait
838;845;sea;2772;0;Cyclades Strait
846;848;sea;2771;0;Dodecanese Strait
843;869;sea;2772;0;Izmir Strait
859;865;sea;2773;0;Dardanelles Strait
860;861;land;2773;0;Golden Horn
759;763;sea;2760;0;Strait of Messina
759;763;sea;2757;0;Strait of Messina
837;827;sea;2765;0;Ionian Islands Strait
966;1049;sea;2776;0;Strait of Azov
3250;517;sea;2746;0;Strait of Gibraltar
301;400;sea;2724;0;Calais-Canterbury
502;501;sea;2748;0;Balearic Islands-Catalonia

#
# Asian Straits
#
1083;1086;sea;2832;0;Tatar Straits#removed
1084;1086;sea;2832;0;Tatar Straits#removed
#1087;1643;sea;2831;0;La Perouse Strait#removed
#1087;1643;sea;2839;0;La Perouse Strait#removed
1162;1165;sea;2788;0;Bahrain Strait
1168;1145;sea;2787;0;Straits of Hormuz
1309;1322;sea;2794;0;Palk Strait #Ceylon-S India
1310;1322;sea;2794;0;Palk Strait #Ceylon-S India
1384;1402;sea;2814;0;Straits of Johore
1385;1402;sea;2814;0;Straits of Johore
1403;1413;sea;2805;0;Sunda Strait
1412;1851;sea;2782;0;Aden Strait
1412;1875;sea;2782;0;Aden Strait
1418;1421;sea;2811;0;Strait of Madura
1420;1438;sea;2811;0;Bali Strait
1438;1442;sea;2811;0;Lombok Strait
1442;1440;sea;2811;0;Sumbawa Strait
1449;1450;sea;2853;0;Ambon-Ceram Strait
1447;1448;sea;2853;0;Ternate-Jilolo Strait
1447;1449;sea;2852;0;Ternate-Ambon Strait
1411;1408;sea;2803;0;Gunungsitoli Strait
1404;1399;land;2813;0;Palak Panang Strait
1402;1398;sea;2814;0;Tanjungpinang Strait
1437;1436;sea;2810;0;Bulon-Kendari Strait
1439;1444;sea;2809;0;Flores-Alor
1495;1499;sea;2823;0;Hainan Strait
1457;1461;sea;2849;0;Tacloban Strait
1640;1660;land;2843;0;Fukuoka Strait
1642;1672;land;2841;0;Hakodate Strait
1644;1089;sea;2839;0;Nemuru-Etorofu Strait
1089;1088;sea;2839;0;Etorofu-Shumshu Strait
1088;1074;sea;2838;0;Shumshu-Petropavlovsk Strait
1643;1087;sea;2831;0;Sakhalin Strait
1664;1666;land;2843;0;Matsuyama Strait
1667;1659;land;2843;0;Setto Strait
#1661;1637;sea;2829;0;Tsushima Strait #Nagasaki to Cheju
#Philippines
1455;1458;sea;2848;0;Isla Verde passages #Manila to Mindoro
1458;1459;sea;2848;0;Mindoro Bay #Mindoro to Palawan
1461;2565;sea;2850;0;Cebu Strait #Tacloban to Cebu
1461;1463;sea;2850;0;Surigao Strait #Tacloban to Davao
2565;1460;sea;2850;0;Tanon Strait #Cebu to Iloilo
1462;1464;sea;2851;0;Sulu Sea #Zamboanga to Sulu

#
# Oceanian Straits
#
2512;2516;sea;2876;0;Cook Strait #NZ
2512;2516;sea;2881;0;Cook Strait #NZ
2530;1537;sea;2858;0;Villan Strait #Lae-New Britain
2537;1531;sea;2858;0;Villan Strait #New Britain-New Ireland

#
# Impassables - Himalayas
#
1326;1589;impassable;0;0;scary mountain
1326;1592;impassable;0;0;scary mountain
1328;1589;impassable;0;0;scary mountain
1329;1589;impassable;0;0;scary mountain
1329;1590;impassable;0;0;scary mountain
1329;1590;impassable;0;0;scary mountain
1329;1593;impassable;0;0;scary mountain
1258;1593;impassable;0;0;scary mountain
1260;1593;impassable;0;0;scary mountain
1259;1593;impassable;0;0;scary mountain
1238;1592;impassable;0;0;scary mountain
1244;1592;impassable;0;0;scary mountain
1235;1592;impassable;0;0;scary mountain
1226;1592;impassable;0;0;scary mountain
1327;1592;impassable;0;0;scary mountain
1328;1592;impassable;0;0;scary mountain

#Hengduan Mountains
1339;1593;impassable;0;0;Haka-Tawang
1341;1593;impassable;0;0;Putao-Tawang
1341;1590;impassable;0;0;Putao-Lhodrak
1341;1602;impassable;0;0;Putao-Dali

#Pamirs (based stuff icen/munch added)
1226;1594;impassable;0;0;Leh-Kashgar
1210;1594;impassable;0;0;Faizabad-Kashgar
1208;1594;impassable;0;0;Khorug-Kashgar
1210;1208;impassable;0;0;Faizabad-Khorug
1210;1225;impassable;0;0;Faizabad-Gilgit
1210;1223;impassable;0;0;Faizabad-Chitral
1216;1223;impassable;0;0;Jalalabad-Chitral

#Afghanistan-Pakistan (retarded shit icen/munch added)
#1219;1217;impassable;0;0;Quetta-Ghazni
#1220;1215;impassable;0;0;Dalbandin-Kandahar
#1220;1214;impassable;0;0;Dalbandin-Farrah

#Afghanistan-Central Asia (retarded shit icen/munch added)
#1211;1206;impassable;0;0;Balkh-Merv
#1148;1214;impassable;0;0;Birjand-Farrah

#Alps

727;735;impassable;0;0;Bergamo-Bozen
727;734;impassable;0;0;Bergamo-Trent
732;735;impassable;0;0;Treviso-Bozen
732;615;impassable;0;0;Treviso-Linz
732;618;impassable;0;0;Treviso-Klagenfurth
733;618;impassable;0;0;Udine-Klagenfurt
727;611;impassable;0;0;Bergamo-Chur
727;2568;impassable;0;0;Bergamo-Lugano
722;605;impassable;0;0;Novara-Bern
2568;722;impassable;0;0;Lugano-Novara
609;722;impassable;0;0;Sitten-Novara
606;722;impassable;0;0;Lucerne-Novara
608;432;impassable;0;0;Neuchatel-Besancon
607;432;impassable;0;0;Geneva-Besancon
611;735;impassable;0;0;Chur-Bozen
611;612;impassable;0;0;Chur-Innsbruck
611;614;impassable;0;0;Chur-Bregenz
609;465;impassable;0;0;Sitten-Annecy

#Pyrenees

460;496;impassable;0;0;Pau-Huesca
457;500;impassable;0;0;Foix-Lerida
457;499;impassable;0;0;Foix-Gerona
460;500;impassable;0;0;Pau-Lerida

#Carpathians

#637;704;impassable;0;0;Kosice-Novy Sacz
637;705;impassable;0;0;Kosice-Prezmysl
950;705;impassable;0;0;Uzgorord-Prezmysl
#950;951;impassable;0;0;Uzgorord-Stryi
#950;953;impassable;0;0;Uzgorord-Stanislovov
660;672;impassable;0;0;Udvarhaly-Bacau
660;668;impassable;0;0;Udvarhaly-Braila
660;667;impassable;0;0;Udvarhaly-Tirgoviste
660;663;impassable;0;0;Udvarhaly-Suceava
661;953;impassable;0;0;Beszterce-Stanislovov

#Alaskan Panhandle

2630;6;impassable;0;0;
2;6;impassable;0;0;
2;17;impassable;0;0;
1;15;impassable;0;0;
1;16;impassable;0;0;
1;17;impassable;0;0;

#KevinG credited idea for Sea to Land straits to give a crossing malus to naval invasions.

2705;318;sea;0;0;#Gulf of Bothnia
2705;320;sea;0;0;#Gulf of Bothnia
2705;321;sea;0;0;#Gulf of Bothnia
2705;336;sea;0;0;#Gulf of Bothnia
2705;338;sea;0;0;#Gulf of Bothnia
2705;346;sea;0;0;#Gulf of Bothnia
2706;317;sea;0;0;#Alands Hav
2706;318;sea;0;0;#Alands Hav
2706;322;sea;0;0;#Alands Hav
2706;324;sea;0;0;#Alands Hav
2706;343;sea;0;0;#Alands Hav
2706;345;sea;0;0;#Alands Hav
2706;346;sea;0;0;#Alands Hav
2706;348;sea;0;0;#Alands Hav
2707;339;sea;0;0;#Gulf of Finland
2707;340;sea;0;0;#Gulf of Finland
2707;343;sea;0;0;#Gulf of Finland
2707;349;sea;0;0;#Gulf of Finland
2707;350;sea;0;0;#Gulf of Finland
2707;353;sea;0;0;#Gulf of Finland
2707;994;sea;0;0;#Gulf of Finland
2707;996;sea;0;0;#Gulf of Finland
2707;997;sea;0;0;#Gulf of Finland
2708;322;sea;0;0;#Western Baltic Sea
2708;325;sea;0;0;#Western Baltic Sea
2708;326;sea;0;0;#Western Baltic Sea
2708;331;sea;0;0;#Western Baltic Sea
2708;332;sea;0;0;#Western Baltic Sea
2708;353;sea;0;0;#Western Baltic Sea
2709;331;sea;0;0;#Gulf of Riga
2709;349;sea;0;0;#Gulf of Riga
2709;351;sea;0;0;#Gulf of Riga
2709;353;sea;0;0;#Gulf of Riga
2709;354;sea;0;0;#Gulf of Riga
2709;355;sea;0;0;#Gulf of Riga
2709;357;sea;0;0;#Gulf of Riga
2709;358;sea;0;0;#Gulf of Riga
2709;359;sea;0;0;#Gulf of Riga
2710;331;sea;0;0;#Southern Baltic Sea
2710;332;sea;0;0;#Southern Baltic Sea
2710;334;sea;0;0;#Southern Baltic Sea
2710;335;sea;0;0;#Southern Baltic Sea
2710;359;sea;0;0;#Southern Baltic Sea
2710;365;sea;0;0;#Southern Baltic Sea
2710;374;sea;0;0;#Southern Baltic Sea
2710;546;sea;0;0;#Southern Baltic Sea
2710;547;sea;0;0;#Southern Baltic Sea
2710;548;sea;0;0;#Southern Baltic Sea
2710;679;sea;0;0;#Southern Baltic Sea
2710;680;sea;0;0;#Southern Baltic Sea
2710;690;sea;0;0;#Southern Baltic Sea
2710;691;sea;0;0;#Southern Baltic Sea
2710;693;sea;0;0;#Southern Baltic Sea
2710;695;sea;0;0;#Southern Baltic Sea
2710;698;sea;0;0;#Southern Baltic Sea
2711;329;sea;0;0;#Oresund
2711;334;sea;0;0;#Oresund
2711;366;sea;0;0;#Oresund
2711;367;sea;0;0;#Oresund
2711;369;sea;0;0;#Oresund
2711;370;sea;0;0;#Oresund
2711;371;sea;0;0;#Oresund
2711;372;sea;0;0;#Oresund
2711;373;sea;0;0;#Oresund
2711;530;sea;0;0;#Oresund
2711;544;sea;0;0;#Oresund
2711;2557;sea;0;0;#Oresund
2712;310;sea;0;0;#Kattegat
2712;311;sea;0;0;#Kattegat
2712;312;sea;0;0;#Kattegat
2712;313;sea;0;0;#Kattegat
2712;316;sea;0;0;#Kattegat
2712;329;sea;0;0;#Kattegat
2712;367;sea;0;0;#Kattegat
2716;307;sea;0;0;#White Sea
2716;981;sea;0;0;#White Sea
2716;982;sea;0;0;#White Sea
2716;983;sea;0;0;#White Sea
2716;984;sea;0;0;#White Sea
2716;985;sea;0;0;#White Sea
2716;986;sea;0;0;#White Sea
2716;2587;sea;0;0;#White Sea
2716;2588;sea;0;0;#White Sea
2716;2589;sea;0;0;#White Sea
2716;2614;sea;0;0;#White Sea
2716;2684;sea;0;0;#White Sea
2716;2687;sea;0;0;#White Sea
2716;2688;sea;0;0;#White Sea
2717;306;sea;0;0;#Lofoten Sea
2717;307;sea;0;0;#Lofoten Sea
2718;305;sea;0;0;#Northern Norwegian Sea
2718;306;sea;0;0;#Northern Norwegian Sea
2718;308;sea;0;0;#Northern Norwegian Sea
2719;308;sea;0;0;#Southern Norwegian Sea
2719;309;sea;0;0;#Southern Norwegian Sea
2719;310;sea;0;0;#Southern Norwegian Sea
2720;310;sea;0;0;#Skagerrack
2720;367;sea;0;0;#Skagerrack
2720;368;sea;0;0;#Skagerrack
2720;2557;sea;0;0;#Skagerrack
2721;368;sea;0;0;#Helgoland Bight
2721;369;sea;0;0;#Helgoland Bight
2721;370;sea;0;0;#Helgoland Bight
2721;371;sea;0;0;#Helgoland Bight
2721;383;sea;0;0;#Helgoland Bight
2721;385;sea;0;0;#Helgoland Bight
2721;528;sea;0;0;#Helgoland Bight
2721;531;sea;0;0;#Helgoland Bight
2721;533;sea;0;0;#Helgoland Bight
2721;539;sea;0;0;#Helgoland Bight
2721;540;sea;0;0;#Helgoland Bight
2721;543;sea;0;0;#Helgoland Bight
2721;2557;sea;0;0;#Helgoland Bight
2722;375;sea;0;0;#Coast of Holland
2722;376;sea;0;0;#Coast of Holland
2722;377;sea;0;0;#Coast of Holland
2722;385;sea;0;0;#Coast of Holland
2722;3256;sea;0;0;#Coast of Holland
2722;3257;sea;0;0;#Coast of Holland
2723;292;sea;0;0;#Dogger Bank
2723;293;sea;0;0;#Dogger Bank
2723;301;sea;0;0;#Dogger Bank
2723;376;sea;0;0;#Dogger Bank
2723;378;sea;0;0;#Dogger Bank
2723;388;sea;0;0;#Dogger Bank
2723;400;sea;0;0;#Dogger Bank
2724;297;sea;0;0;#Straits of Dover
2724;301;sea;0;0;#Straits of Dover
2724;302;sea;0;0;#Straits of Dover
2724;303;sea;0;0;#Straits of Dover
2724;400;sea;0;0;#Straits of Dover
2724;402;sea;0;0;#Straits of Dover
2724;415;sea;0;0;#Straits of Dover
2724;418;sea;0;0;#Straits of Dover
2725;297;sea;0;0;#The Channel
2725;299;sea;0;0;#The Channel
2725;418;sea;0;0;#The Channel
2725;419;sea;0;0;#The Channel
2725;420;sea;0;0;#The Channel
2725;421;sea;0;0;#The Channel
2725;424;sea;0;0;#The Channel
2726;273;sea;0;0;#Lands End
2726;274;sea;0;0;#Lands End
2726;296;sea;0;0;#Lands End
2726;298;sea;0;0;#Lands End
2726;299;sea;0;0;#Lands End
2727;299;sea;0;0;#Coast of Brittany
2727;420;sea;0;0;#Coast of Brittany
2727;422;sea;0;0;#Coast of Brittany
2727;423;sea;0;0;#Coast of Brittany
2728;422;sea;0;0;#Quiberon Bay
2728;423;sea;0;0;#Quiberon Bay
2728;437;sea;0;0;#Quiberon Bay
2728;442;sea;0;0;#Quiberon Bay
2728;458;sea;0;0;#Quiberon Bay
2729;458;sea;0;0;#Cote D'Argent
2729;460;sea;0;0;#Cote D'Argent
2729;478;sea;0;0;#Cote D'Argent
2729;492;sea;0;0;#Cote D'Argent
2731;474;sea;0;0;#Cantabrian Sea
2731;475;sea;0;0;#Cantabrian Sea
2731;478;sea;0;0;#Cantabrian Sea
2732;269;sea;0;0;#Tyne
2732;272;sea;0;0;#Tyne
2732;280;sea;0;0;#Tyne
2732;281;sea;0;0;#Tyne
2732;290;sea;0;0;#Tyne
2732;292;sea;0;0;#Tyne
2733;266;sea;0;0;#Firth of Forth
2733;268;sea;0;0;#Firth of Forth
2733;269;sea;0;0;#Firth of Forth
2733;270;sea;0;0;#Firth of Forth
2735;266;sea;0;0;#Moray Firth
2735;267;sea;0;0;#Moray Firth
2736;257;sea;0;0;#North Channel
2736;267;sea;0;0;#North Channel
2736;270;sea;0;0;#North Channel
2737;254;sea;0;0;#Irish Sea
2737;255;sea;0;0;#Irish Sea
2737;256;sea;0;0;#Irish Sea
2737;257;sea;0;0;#Irish Sea
2737;263;sea;0;0;#Irish Sea
2737;265;sea;0;0;#Irish Sea
2737;270;sea;0;0;#Irish Sea
2737;271;sea;0;0;#Irish Sea
2737;272;sea;0;0;#Irish Sea
2737;276;sea;0;0;#Irish Sea
2737;277;sea;0;0;#Irish Sea
2737;279;sea;0;0;#Irish Sea
2737;285;sea;0;0;#Irish Sea
2737;304;sea;0;0;#Irish Sea
2738;260;sea;0;0;#St. George's Channel
2738;262;sea;0;0;#St. George's Channel
2738;265;sea;0;0;#St. George's Channel
2738;274;sea;0;0;#St. George's Channel
2738;276;sea;0;0;#St. George's Channel
2739;257;sea;0;0;#Donegal Bay
2739;258;sea;0;0;#Donegal Bay
2739;259;sea;0;0;#Donegal Bay
2740;258;sea;0;0;#Dingel Bay
2740;260;sea;0;0;#Dingel Bay
2740;261;sea;0;0;#Dingel Bay
2741;260;sea;0;0;#Celtic Sea
2743;474;sea;0;0;#Finisterre Bay
2743;476;sea;0;0;#Finisterre Bay
2744;476;sea;0;0;#Lusitanian Sea
2744;518;sea;0;0;#Lusitanian Sea
2744;521;sea;0;0;#Lusitanian Sea
2744;522;sea;0;0;#Lusitanian Sea
2744;524;sea;0;0;#Lusitanian Sea
2745;511;sea;0;0;#Gulf of Cadiz
2745;512;sea;0;0;#Gulf of Cadiz
2745;524;sea;0;0;#Gulf of Cadiz
2745;526;sea;0;0;#Gulf of Cadiz
2745;527;sea;0;0;#Gulf of Cadiz
2746;512;sea;0;0;#Straits of Gibraltar
2746;513;sea;0;0;#Straits of Gibraltar
2746;514;sea;0;0;#Straits of Gibraltar
2746;517;sea;0;0;#Straits of Gibraltar
2746;1685;sea;0;0;#Straits of Gibraltar
2746;1686;sea;0;0;#Straits of Gibraltar
2746;1687;sea;0;0;#Straits of Gibraltar
2746;1688;sea;0;0;#Straits of Gibraltar
2746;3250;sea;0;0;#Straits of Gibraltar
2747;506;sea;0;0;#Gulf of Almeria
2747;513;sea;0;0;#Gulf of Almeria
2747;515;sea;0;0;#Gulf of Almeria
2747;1684;sea;0;0;#Gulf of Almeria
2747;1687;sea;0;0;#Gulf of Almeria
2747;1688;sea;0;0;#Gulf of Almeria
2747;1689;sea;0;0;#Gulf of Almeria
2747;1704;sea;0;0;#Gulf of Almeria
2747;1705;sea;0;0;#Gulf of Almeria
2747;1706;sea;0;0;#Gulf of Almeria
2748;501;sea;0;0;#Gulf of Valencia
2748;502;sea;0;0;#Gulf of Valencia
2748;503;sea;0;0;#Gulf of Valencia
2748;504;sea;0;0;#Gulf of Valencia
2748;505;sea;0;0;#Gulf of Valencia
2748;506;sea;0;0;#Gulf of Valencia
2749;461;sea;0;0;#Gulf of Lion
2749;463;sea;0;0;#Gulf of Lion
2749;464;sea;0;0;#Gulf of Lion
2749;467;sea;0;0;#Gulf of Lion
2749;498;sea;0;0;#Gulf of Lion
2749;499;sea;0;0;#Gulf of Lion
2749;501;sea;0;0;#Gulf of Lion
2750;467;sea;0;0;#Cote D'Azur
2750;470;sea;0;0;#Cote D'Azur
2750;471;sea;0;0;#Cote D'Azur
2750;472;sea;0;0;#Cote D'Azur
2750;725;sea;0;0;#Cote D'Azur
2751;473;sea;0;0;#Ligurian Sea
2751;724;sea;0;0;#Ligurian Sea
2751;725;sea;0;0;#Ligurian Sea
2751;740;sea;0;0;#Ligurian Sea
2751;745;sea;0;0;#Ligurian Sea
2751;746;sea;0;0;#Ligurian Sea
2751;748;sea;0;0;#Ligurian Sea
2751;766;sea;0;0;#Ligurian Sea
2752;502;sea;0;0;#Gulf of Mallorca
2753;765;sea;0;0;#Western Mediterranean
2753;766;sea;0;0;#Western Mediterranean
2754;1700;sea;0;0;#Barbary Coast
2754;1701;sea;0;0;#Barbary Coast
2754;1706;sea;0;0;#Barbary Coast
2755;765;sea;0;0;#Cape Bon
2755;1701;sea;0;0;#Cape Bon
2755;1709;sea;0;0;#Cape Bon
2755;1726;sea;0;0;#Cape Bon
2756;748;sea;0;0;#Tyrrenian Sea
2756;749;sea;0;0;#Tyrrenian Sea
2756;750;sea;0;0;#Tyrrenian Sea
2756;754;sea;0;0;#Tyrrenian Sea
2756;755;sea;0;0;#Tyrrenian Sea
2756;765;sea;0;0;#Tyrrenian Sea
2756;766;sea;0;0;#Tyrrenian Sea
2756;2567;sea;0;0;#Tyrrenian Sea
2757;755;sea;0;0;#Bay of Naples
2757;759;sea;0;0;#Bay of Naples
2757;760;sea;0;0;#Bay of Naples
2757;761;sea;0;0;#Bay of Naples
2757;762;sea;0;0;#Bay of Naples
2757;763;sea;0;0;#Bay of Naples
2758;762;sea;0;0;#Gulf of Gabes
2758;1725;sea;0;0;#Gulf of Gabes
2758;1726;sea;0;0;#Gulf of Gabes
2758;1728;sea;0;0;#Gulf of Gabes
2758;1730;sea;0;0;#Gulf of Gabes
2759;762;sea;0;0;#Malta Channel
2759;764;sea;0;0;#Malta Channel
2759;854;sea;0;0;#Malta Channel
2759;1731;sea;0;0;#Malta Channel
2759;1733;sea;0;0;#Malta Channel
2759;1734;sea;0;0;#Malta Channel
2760;759;sea;0;0;#Straits of Messina
2760;760;sea;0;0;#Straits of Messina
2760;763;sea;0;0;#Straits of Messina
2760;764;sea;0;0;#Straits of Messina
2761;729;sea;0;0;#Gulf of Venice
2761;731;sea;0;0;#Gulf of Venice
2761;733;sea;0;0;#Gulf of Venice
2761;736;sea;0;0;#Gulf of Venice
2761;742;sea;0;0;#Gulf of Venice
2761;743;sea;0;0;#Gulf of Venice
2761;752;sea;0;0;#Gulf of Venice
2761;770;sea;0;0;#Gulf of Venice
2761;774;sea;0;0;#Gulf of Venice
2761;778;sea;0;0;#Gulf of Venice
2761;781;sea;0;0;#Gulf of Venice
2762;752;sea;0;0;#Adriatic Sea
2762;753;sea;0;0;#Adriatic Sea
2762;756;sea;0;0;#Adriatic Sea
2762;757;sea;0;0;#Adriatic Sea
2762;780;sea;0;0;#Adriatic Sea
2762;781;sea;0;0;#Adriatic Sea
2762;782;sea;0;0;#Adriatic Sea
2763;756;sea;0;0;#Straits of Otranto
2763;758;sea;0;0;#Straits of Otranto
2763;782;sea;0;0;#Straits of Otranto
2763;800;sea;0;0;#Straits of Otranto
2763;826;sea;0;0;#Straits of Otranto
2763;850;sea;0;0;#Straits of Otranto
2763;851;sea;0;0;#Straits of Otranto
2763;852;sea;0;0;#Straits of Otranto
2763;853;sea;0;0;#Straits of Otranto
2763;2582;sea;0;0;#Straits of Otranto
2764;758;sea;0;0;#Gulf of Taranto
2764;760;sea;0;0;#Gulf of Taranto
2764;761;sea;0;0;#Gulf of Taranto
2764;824;sea;0;0;#Gulf of Taranto
2764;826;sea;0;0;#Gulf of Taranto
2764;853;sea;0;0;#Gulf of Taranto
2765;824;sea;0;0;#Ionian Sea
2765;825;sea;0;0;#Ionian Sea
2765;827;sea;0;0;#Ionian Sea
2765;837;sea;0;0;#Ionian Sea
2765;839;sea;0;0;#Ionian Sea
2765;841;sea;0;0;#Ionian Sea
2765;842;sea;0;0;#Ionian Sea
2766;1734;sea;0;0;#Gulf of Sirte
2766;1735;sea;0;0;#Gulf of Sirte
2766;1736;sea;0;0;#Gulf of Sirte
2767;839;sea;0;0;#Gulf of Tobruk
2767;847;sea;0;0;#Gulf of Tobruk
2767;848;sea;0;0;#Gulf of Tobruk
2767;1736;sea;0;0;#Gulf of Tobruk
2767;1737;sea;0;0;#Gulf of Tobruk
2768;848;sea;0;0;#Bay of Alexandria
2768;1737;sea;0;0;#Bay of Alexandria
2768;1746;sea;0;0;#Bay of Alexandria
2768;1751;sea;0;0;#Bay of Alexandria
2768;1752;sea;0;0;#Bay of Alexandria
2768;1753;sea;0;0;#Bay of Alexandria
2769;856;sea;0;0;#Palestinian Coast
2769;913;sea;0;0;#Palestinian Coast
2769;916;sea;0;0;#Palestinian Coast
2769;920;sea;0;0;#Palestinian Coast
2769;1746;sea;0;0;#Palestinian Coast
2769;1755;sea;0;0;#Palestinian Coast
2769;1756;sea;0;0;#Palestinian Coast
2770;856;sea;0;0;#Gulf of Cyprus
2770;857;sea;0;0;#Gulf of Cyprus
2770;875;sea;0;0;#Gulf of Cyprus
2770;895;sea;0;0;#Gulf of Cyprus
2770;894;sea;0;0;#Gulf of Cyprus
2770;900;sea;0;0;#Gulf of Cyprus
2770;905;sea;0;0;#Gulf of Cyprus
2770;913;sea;0;0;#Gulf of Cyprus
2771;846;sea;0;0;#Sea of Crete
2771;847;sea;0;0;#Sea of Crete
2771;848;sea;0;0;#Sea of Crete
2771;872;sea;0;0;#Sea of Crete
2771;875;sea;0;0;#Sea of Crete
2772;805;sea;0;0;#Aegean Sea
2772;821;sea;0;0;#Aegean Sea
2772;822;sea;0;0;#Aegean Sea
2772;823;sea;0;0;#Aegean Sea
2772;828;sea;0;0;#Aegean Sea
2772;829;sea;0;0;#Aegean Sea
2772;830;sea;0;0;#Aegean Sea
2772;832;sea;0;0;#Aegean Sea
2772;834;sea;0;0;#Aegean Sea
2772;835;sea;0;0;#Aegean Sea
2772;836;sea;0;0;#Aegean Sea
2772;838;sea;0;0;#Aegean Sea
2772;839;sea;0;0;#Aegean Sea
2772;840;sea;0;0;#Aegean Sea
2772;843;sea;0;0;#Aegean Sea
2772;844;sea;0;0;#Aegean Sea
2772;845;sea;0;0;#Aegean Sea
2772;859;sea;0;0;#Aegean Sea
2772;864;sea;0;0;#Aegean Sea
2772;865;sea;0;0;#Aegean Sea
2772;869;sea;0;0;#Aegean Sea
2772;872;sea;0;0;#Aegean Sea
2773;858;sea;0;0;#Sea of Marmara
2773;859;sea;0;0;#Sea of Marmara
2773;860;sea;0;0;#Sea of Marmara
2773;861;sea;0;0;#Sea of Marmara
2773;862;sea;0;0;#Sea of Marmara
2773;863;sea;0;0;#Sea of Marmara
2773;864;sea;0;0;#Sea of Marmara
2773;865;sea;0;0;#Sea of Marmara
2774;674;sea;0;0;#Gulf of Varna
2774;675;sea;0;0;#Gulf of Varna
2774;814;sea;0;0;#Gulf of Varna
2774;817;sea;0;0;#Gulf of Varna
2774;818;sea;0;0;#Gulf of Varna
2774;858;sea;0;0;#Gulf of Varna
2774;860;sea;0;0;#Gulf of Varna
2774;861;sea;0;0;#Gulf of Varna
2774;862;sea;0;0;#Gulf of Varna
2774;880;sea;0;0;#Gulf of Varna
2774;881;sea;0;0;#Gulf of Varna
2775;675;sea;0;0;#Gulf of Odessa
2775;678;sea;0;0;#Gulf of Odessa
2775;964;sea;0;0;#Gulf of Odessa
2775;965;sea;0;0;#Gulf of Odessa
2775;967;sea;0;0;#Gulf of Odessa
2775;968;sea;0;0;#Gulf of Odessa
2775;970;sea;0;0;#Gulf of Odessa
2776;964;sea;0;0;#Sea of Azov
2776;965;sea;0;0;#Sea of Azov
2776;966;sea;0;0;#Sea of Azov
2776;967;sea;0;0;#Sea of Azov
2776;973;sea;0;0;#Sea of Azov
2776;976;sea;0;0;#Sea of Azov
2776;979;sea;0;0;#Sea of Azov
2776;1047;sea;0;0;#Sea of Azov
2776;1048;sea;0;0;#Sea of Azov
2776;1049;sea;0;0;#Sea of Azov
2777;880;sea;0;0;#Eastern Black Sea
2777;882;sea;0;0;#Eastern Black Sea
2777;883;sea;0;0;#Eastern Black Sea
2777;884;sea;0;0;#Eastern Black Sea
2777;886;sea;0;0;#Eastern Black Sea
2777;1049;sea;0;0;#Eastern Black Sea
2777;1094;sea;0;0;#Eastern Black Sea
2777;1095;sea;0;0;#Eastern Black Sea
2777;1096;sea;0;0;#Eastern Black Sea
2781;921;sea;0;0;#Gulf of Suez
2781;922;sea;0;0;#Gulf of Suez
2781;1152;sea;0;0;#Gulf of Suez
2781;1154;sea;0;0;#Gulf of Suez
2781;1755;sea;0;0;#Gulf of Suez
2781;1756;sea;0;0;#Gulf of Suez
2781;1757;sea;0;0;#Gulf of Suez
2781;1770;sea;0;0;#Gulf of Suez
2781;1771;sea;0;0;#Gulf of Suez
2781;1772;sea;0;0;#Gulf of Suez
2781;1833;sea;0;0;#Gulf of Suez
2781;1834;sea;0;0;#Gulf of Suez
2782;1152;sea;0;0;#Red Sea
2782;1155;sea;0;0;#Red Sea
2782;1179;sea;0;0;#Red Sea
2782;1412;sea;0;0;#Red Sea
2782;1833;sea;0;0;#Red Sea
2782;1849;sea;0;0;#Red Sea
2782;1851;sea;0;0;#Red Sea
2782;1875;sea;0;0;#Red Sea
2783;1176;sea;0;0;#Straits of Obokk
2783;1412;sea;0;0;#Straits of Obokk
2783;1873;sea;0;0;#Straits of Obokk
2783;1874;sea;0;0;#Straits of Obokk
2783;1875;sea;0;0;#Straits of Obokk
2784;1173;sea;0;0;#Bal el Mandeb
2784;1872;sea;0;0;#Bal el Mandeb
2785;1172;sea;0;0;#Coast of Mascate
2785;1174;sea;0;0;#Coast of Mascate
2786;1171;sea;0;0;#Mascate Coast
2786;1172;sea;0;0;#Mascate Coast
2787;1141;sea;0;0;#Straits of Hormuz
2787;1142;sea;0;0;#Straits of Hormuz
2787;1145;sea;0;0;#Straits of Hormuz
2787;1146;sea;0;0;#Straits of Hormuz
2787;1166;sea;0;0;#Straits of Hormuz
2787;1168;sea;0;0;#Straits of Hormuz
2787;1169;sea;0;0;#Straits of Hormuz
2787;1171;sea;0;0;#Straits of Hormuz
2788;932;sea;0;0;#Persian Gulf
2788;1132;sea;0;0;#Persian Gulf
2788;1138;sea;0;0;#Persian Gulf
2788;1141;sea;0;0;#Persian Gulf
2788;1162;sea;0;0;#Persian Gulf
2788;1163;sea;0;0;#Persian Gulf
2788;1165;sea;0;0;#Persian Gulf
2788;1168;sea;0;0;#Persian Gulf
2789;1146;sea;0;0;#Gulf of Indus
2789;1222;sea;0;0;#Gulf of Indus
2789;1288;sea;0;0;#Gulf of Indus
2789;1293;sea;0;0;#Gulf of Indus
2790;1291;sea;0;0;#Gulf of Gujarat
2790;1292;sea;0;0;#Gulf of Gujarat
2790;1293;sea;0;0;#Gulf of Gujarat
2790;1295;sea;0;0;#Gulf of Gujarat
2790;1296;sea;0;0;#Gulf of Gujarat
2790;1297;sea;0;0;#Gulf of Gujarat
2790;3253;sea;0;0;#Gulf of Gujarat
2791;1297;sea;0;0;#Laquedive Islands
2791;1301;sea;0;0;#Laquedive Islands
2791;1302;sea;0;0;#Laquedive Islands
2791;1303;sea;0;0;#Laquedive Islands
2792;1302;sea;0;0;#Coast of Malabar
2792;1316;sea;0;0;#Coast of Malabar
2792;1317;sea;0;0;#Coast of Malabar
2792;1318;sea;0;0;#Coast of Malabar
2792;1319;sea;0;0;#Coast of Malabar
2793;1310;sea;0;0;#Camorin Cape
2793;1319;sea;0;0;#Camorin Cape
2793;1321;sea;0;0;#Camorin Cape
2793;1322;sea;0;0;#Camorin Cape
2794;1304;sea;0;0;#Coast of Caramandel
2794;1306;sea;0;0;#Coast of Caramandel
2794;1307;sea;0;0;#Coast of Caramandel
2794;1309;sea;0;0;#Coast of Caramandel
2794;1310;sea;0;0;#Coast of Caramandel
2794;1312;sea;0;0;#Coast of Caramandel
2794;1322;sea;0;0;#Coast of Caramandel
2794;3251;sea;0;0;#Coast of Caramandel
2795;1261;sea;0;0;#Coast of Orissa
2795;1305;sea;0;0;#Coast of Orissa
2795;1306;sea;0;0;#Coast of Orissa
2796;1251;sea;0;0;#Ganges Delta
2796;1256;sea;0;0;#Ganges Delta
2796;1257;sea;0;0;#Ganges Delta
2796;1261;sea;0;0;#Ganges Delta
2796;1345;sea;0;0;#Ganges Delta
2797;1330;sea;0;0;#Akyab Bay
2797;1331;sea;0;0;#Akyab Bay
2797;1345;sea;0;0;#Akyab Bay
2798;1330;sea;0;0;#Irrawady Delta
2798;1332;sea;0;0;#Irrawady Delta
2798;1343;sea;0;0;#Irrawady Delta
2798;1344;sea;0;0;#Irrawady Delta
2799;1320;sea;0;0;#Andaman Sea
2800;1344;sea;0;0;#Mergui Archipelago
2800;1352;sea;0;0;#Mergui Archipelago
2801;1352;sea;0;0;#Straits of Malacca
2801;1387;sea;0;0;#Straits of Malacca
2801;1388;sea;0;0;#Straits of Malacca
2801;1389;sea;0;0;#Straits of Malacca
2801;1401;sea;0;0;#Straits of Malacca
2801;1405;sea;0;0;#Straits of Malacca
2801;1406;sea;0;0;#Straits of Malacca
2801;2575;sea;0;0;#Straits of Malacca
2802;1405;sea;0;0;#Nicobar Isles
2802;1407;sea;0;0;#Nicobar Isles
2803;1407;sea;0;0;#Coast of Atjeh
2803;1408;sea;0;0;#Coast of Atjeh
2803;1409;sea;0;0;#Coast of Atjeh
2803;1411;sea;0;0;#Coast of Atjeh
2804;1408;sea;0;0;#Coast of Sumatra
2804;1410;sea;0;0;#Coast of Sumatra
2804;1411;sea;0;0;#Coast of Sumatra
2805;1403;sea;0;0;#Sunda Strait
2805;1410;sea;0;0;#Sunda Strait
2805;1413;sea;0;0;#Sunda Strait
2805;1414;sea;0;0;#Sunda Strait
2806;1414;sea;0;0;#Coast of Java
2806;1416;sea;0;0;#Coast of Java
2806;2244;sea;0;0;#Coast of Java
2806;3254;sea;0;0;#Coast of Java
2807;1416;sea;0;0;#Coast of Surabaya
2807;1419;sea;0;0;#Coast of Surabaya
2807;1420;sea;0;0;#Coast of Surabaya
2807;1438;sea;0;0;#Coast of Surabaya
2808;1438;sea;0;0;#Coast of Lombok
2808;1439;sea;0;0;#Coast of Lombok
2808;1440;sea;0;0;#Coast of Lombok
2808;1441;sea;0;0;#Coast of Lombok
2808;1442;sea;0;0;#Coast of Lombok
2809;1439;sea;0;0;#Timor Sea
2809;1441;sea;0;0;#Timor Sea
2809;1444;sea;0;0;#Timor Sea
2809;1445;sea;0;0;#Timor Sea
2809;1446;sea;0;0;#Timor Sea
2809;2501;sea;0;0;#Timor Sea
2810;1430;sea;0;0;#The Moluccas
2810;1431;sea;0;0;#The Moluccas
2810;1436;sea;0;0;#The Moluccas
2810;1437;sea;0;0;#The Moluccas
2810;1439;sea;0;0;#The Moluccas
2810;1444;sea;0;0;#The Moluccas
2810;1449;sea;0;0;#The Moluccas
2811;1418;sea;0;0;#Java Sea
2811;1420;sea;0;0;#Java Sea
2811;1421;sea;0;0;#Java Sea
2811;1424;sea;0;0;#Java Sea
2811;1427;sea;0;0;#Java Sea
2811;1430;sea;0;0;#Java Sea
2811;1432;sea;0;0;#Java Sea
2811;1438;sea;0;0;#Java Sea
2811;1440;sea;0;0;#Java Sea
2811;1442;sea;0;0;#Java Sea
2812;1397;sea;0;0;#Straits of Makassar
2812;1424;sea;0;0;#Straits of Makassar
2812;1425;sea;0;0;#Straits of Makassar
2812;1429;sea;0;0;#Straits of Makassar
2812;1432;sea;0;0;#Straits of Makassar
2812;1435;sea;0;0;#Straits of Makassar
2813;1398;sea;0;0;#Karimata Strait
2813;1399;sea;0;0;#Karimata Strait
2813;1403;sea;0;0;#Karimata Strait
2813;1404;sea;0;0;#Karimata Strait
2813;1413;sea;0;0;#Karimata Strait
2813;1415;sea;0;0;#Karimata Strait
2813;1417;sea;0;0;#Karimata Strait
2813;1418;sea;0;0;#Karimata Strait
2813;1426;sea;0;0;#Karimata Strait
2813;1427;sea;0;0;#Karimata Strait
2814;1384;sea;0;0;#Straits of Johore
2814;1385;sea;0;0;#Straits of Johore
2814;1386;sea;0;0;#Straits of Johore
2814;1387;sea;0;0;#Straits of Johore
2814;1390;sea;0;0;#Straits of Johore
2814;1398;sea;0;0;#Straits of Johore
2814;1400;sea;0;0;#Straits of Johore
2814;1401;sea;0;0;#Straits of Johore
2814;1402;sea;0;0;#Straits of Johore
2814;1426;sea;0;0;#Straits of Johore
2814;2576;sea;0;0;#Straits of Johore
2815;1390;sea;0;0;#Malayan Sea
2815;1391;sea;0;0;#Malayan Sea
2815;1392;sea;0;0;#Malayan Sea
2815;2576;sea;0;0;#Malayan Sea
2816;1394;sea;0;0;#Coast of Sarawak
2816;1395;sea;0;0;#Coast of Sarawak
2816;2576;sea;0;0;#Coast of Sarawak
2817;1354;sea;0;0;#Mekong Delta
2817;1367;sea;0;0;#Mekong Delta
2817;1380;sea;0;0;#Mekong Delta
2817;1382;sea;0;0;#Mekong Delta
2817;1383;sea;0;0;#Mekong Delta
2817;1392;sea;0;0;#Mekong Delta
2818;1346;sea;0;0;#Gulf of Siam
2818;1351;sea;0;0;#Gulf of Siam
2818;1353;sea;0;0;#Gulf of Siam
2818;1354;sea;0;0;#Gulf of Siam
2818;1365;sea;0;0;#Gulf of Siam
2818;1367;sea;0;0;#Gulf of Siam
2819;1379;sea;0;0;#Cam Ranh Bay
2819;1380;sea;0;0;#Cam Ranh Bay
2819;1381;sea;0;0;#Cam Ranh Bay
2820;2576;sea;0;0;#South China Sea
2821;1393;sea;0;0;#Coast of Brunei
2821;1395;sea;0;0;#Coast of Brunei
2821;1396;sea;0;0;#Coast of Brunei
2821;1397;sea;0;0;#Coast of Brunei
2821;1459;sea;0;0;#Coast of Brunei
2822;1375;sea;0;0;#Coast of Annam
2822;1377;sea;0;0;#Coast of Annam
2822;1379;sea;0;0;#Coast of Annam
2823;1370;sea;0;0;#Gulf of Tonkin
2823;1373;sea;0;0;#Gulf of Tonkin
2823;1374;sea;0;0;#Gulf of Tonkin
2823;1375;sea;0;0;#Gulf of Tonkin
2823;1376;sea;0;0;#Gulf of Tonkin
2823;1493;sea;0;0;#Gulf of Tonkin
2823;1495;sea;0;0;#Gulf of Tonkin
2823;1499;sea;0;0;#Gulf of Tonkin
2823;1501;sea;0;0;#Gulf of Tonkin
2823;3249;sea;0;0;#Gulf of Tonkin
2824;1493;sea;0;0;#Guangzhou Bay
2824;1494;sea;0;0;#Guangzhou Bay
2824;1496;sea;0;0;#Guangzhou Bay
2824;1497;sea;0;0;#Guangzhou Bay
2824;1498;sea;0;0;#Guangzhou Bay
2825;1482;sea;0;0;#Taiwan Strait
2825;1484;sea;0;0;#Taiwan Strait
2825;1485;sea;0;0;#Taiwan Strait
2825;1487;sea;0;0;#Taiwan Strait
2825;1494;sea;0;0;#Taiwan Strait
2825;1611;sea;0;0;#Taiwan Strait
2825;2562;sea;0;0;#Taiwan Strait
2826;1538;sea;0;0;#Yang Tse Delta
2826;1540;sea;0;0;#Yang Tse Delta
2826;1541;sea;0;0;#Yang Tse Delta
2826;1543;sea;0;0;#Yang Tse Delta
2826;1604;sea;0;0;#Yang Tse Delta
2826;1606;sea;0;0;#Yang Tse Delta
2826;1608;sea;0;0;#Yang Tse Delta
2826;1609;sea;0;0;#Yang Tse Delta
2826;1610;sea;0;0;#Yang Tse Delta
2826;1611;sea;0;0;#Yang Tse Delta
2827;1536;sea;0;0;#Yellow Sea
2827;1542;sea;0;0;#Yellow Sea
2827;1543;sea;0;0;#Yellow Sea
2827;1565;sea;0;0;#Yellow Sea
2827;1566;sea;0;0;#Yellow Sea
2827;1571;sea;0;0;#Yellow Sea
2827;1628;sea;0;0;#Yellow Sea
2827;1635;sea;0;0;#Yellow Sea
2827;1636;sea;0;0;#Yellow Sea
2828;1479;sea;0;0;#Korea Bay
2828;1480;sea;0;0;#Korea Bay
2828;1481;sea;0;0;#Korea Bay
2828;1565;sea;0;0;#Korea Bay
2828;1567;sea;0;0;#Korea Bay
2828;1569;sea;0;0;#Korea Bay
2828;1570;sea;0;0;#Korea Bay
2828;1613;sea;0;0;#Korea Bay
2828;1616;sea;0;0;#Korea Bay
2828;1617;sea;0;0;#Korea Bay
2828;1619;sea;0;0;#Korea Bay
2828;1620;sea;0;0;#Korea Bay
2828;1625;sea;0;0;#Korea Bay
2828;1626;sea;0;0;#Korea Bay
2828;1627;sea;0;0;#Korea Bay
2828;1628;sea;0;0;#Korea Bay
2828;1636;sea;0;0;#Korea Bay
2829;1632;sea;0;0;#South Korean Sea
2829;1634;sea;0;0;#South Korean Sea
2829;1635;sea;0;0;#South Korean Sea
2829;1637;sea;0;0;#South Korean Sea
2829;1640;sea;0;0;#South Korean Sea
2829;1641;sea;0;0;#South Korean Sea
2829;1660;sea;0;0;#South Korean Sea
2829;1661;sea;0;0;#South Korean Sea
2829;1662;sea;0;0;#South Korean Sea
2829;1664;sea;0;0;#South Korean Sea
2830;1082;sea;0;0;#North Korean Sea
2830;1621;sea;0;0;#North Korean Sea
2830;1622;sea;0;0;#North Korean Sea
2830;1623;sea;0;0;#North Korean Sea
2830;1629;sea;0;0;#North Korean Sea
2830;1630;sea;0;0;#North Korean Sea
2830;1631;sea;0;0;#North Korean Sea
2831;1082;sea;0;0;#Coast of Olga
2831;1083;sea;0;0;#Coast of Olga
2831;1087;sea;0;0;#Coast of Olga
2831;1642;sea;0;0;#Coast of Olga
2831;1643;sea;0;0;#Coast of Olga
2832;1083;sea;0;0;#Tatar Straits
2832;1084;sea;0;0;#Tatar Straits
2832;1086;sea;0;0;#Tatar Straits
2832;1087;sea;0;0;#Tatar Straits
2833;1072;sea;0;0;#Amur Delta
2833;1084;sea;0;0;#Amur Delta
2833;2641;sea;0;0;#Amur Delta
2834;1072;sea;0;0;#Bay of Ayan
2834;2618;sea;0;0;#Bay of Ayan
2834;2639;sea;0;0;#Bay of Ayan
2835;1073;sea;0;0;#Bay of Komenskoie
2835;1074;sea;0;0;#Bay of Komenskoie
2835;2616;sea;0;0;#Bay of Komenskoie
2835;2618;sea;0;0;#Bay of Komenskoie
2835;2633;sea;0;0;#Bay of Komenskoie
2835;2638;sea;0;0;#Bay of Komenskoie
2835;2663;sea;0;0;#Bay of Komenskoie
2836;1074;sea;0;0;#Coast of Kamchatska
2837;1086;sea;0;0;#Okhotsk Sea
2838;1086;sea;0;0;#Coast of Sakhalin
2838;1087;sea;0;0;#Coast of Sakhalin
2838;1088;sea;0;0;#Coast of Sakhalin
2839;1087;sea;0;0;#Soya Strait
2839;1088;sea;0;0;#Soya Strait
2839;1089;sea;0;0;#Soya Strait
2839;1643;sea;0;0;#Soya Strait
2839;1644;sea;0;0;#Soya Strait
2840;1642;sea;0;0;#Tsugaru Strait
2840;1644;sea;0;0;#Tsugaru Strait
2840;1668;sea;0;0;#Tsugaru Strait
2840;1669;sea;0;0;#Tsugaru Strait
2840;1670;sea;0;0;#Tsugaru Strait
2840;1672;sea;0;0;#Tsugaru Strait
2841;1641;sea;0;0;#Sea of Japan
2841;1642;sea;0;0;#Sea of Japan
2841;1645;sea;0;0;#Sea of Japan
2841;1646;sea;0;0;#Sea of Japan
2841;1647;sea;0;0;#Sea of Japan
2841;1648;sea;0;0;#Sea of Japan
2841;1657;sea;0;0;#Sea of Japan
2841;1659;sea;0;0;#Sea of Japan
2841;1671;sea;0;0;#Sea of Japan
2841;1672;sea;0;0;#Sea of Japan
2841;1673;sea;0;0;#Sea of Japan
2842;1631;sea;0;0;#Amakusa Sea
2842;1634;sea;0;0;#Amakusa Sea
2842;1641;sea;0;0;#Amakusa Sea
2843;1638;sea;0;0;#Setto Inland Sea
2843;1639;sea;0;0;#Setto Inland Sea
2843;1640;sea;0;0;#Setto Inland Sea
2843;1655;sea;0;0;#Setto Inland Sea
2843;1656;sea;0;0;#Setto Inland Sea
2843;1659;sea;0;0;#Setto Inland Sea
2843;1660;sea;0;0;#Setto Inland Sea
2843;1662;sea;0;0;#Setto Inland Sea
2843;1663;sea;0;0;#Setto Inland Sea
2843;1664;sea;0;0;#Setto Inland Sea
2843;1665;sea;0;0;#Setto Inland Sea
2843;1666;sea;0;0;#Setto Inland Sea
2843;1667;sea;0;0;#Setto Inland Sea
2844;1649;sea;0;0;#Tokai Sea
2844;1650;sea;0;0;#Tokai Sea
2844;1651;sea;0;0;#Tokai Sea
2844;1653;sea;0;0;#Tokai Sea
2844;1656;sea;0;0;#Tokai Sea
2844;1658;sea;0;0;#Tokai Sea
2844;1669;sea;0;0;#Tokai Sea
2844;1675;sea;0;0;#Tokai Sea
2844;1676;sea;0;0;#Tokai Sea
2845;1678;sea;0;0;#Ryukyu Islands
2845;1679;sea;0;0;#Ryukyu Islands
2846;1456;sea;0;0;#Luzon Strait
2846;1485;sea;0;0;#Luzon Strait
2846;2562;sea;0;0;#Luzon Strait
2847;1455;sea;0;0;#Paracel Islands
2847;1456;sea;0;0;#Paracel Islands
2848;1455;sea;0;0;#Manila Bay
2848;1458;sea;0;0;#Manila Bay
2848;1459;sea;0;0;#Manila Bay
2849;1455;sea;0;0;#Coast of Luzon
2849;1456;sea;0;0;#Coast of Luzon
2849;1457;sea;0;0;#Coast of Luzon
2849;1458;sea;0;0;#Coast of Luzon
2849;1460;sea;0;0;#Coast of Luzon
2849;1461;sea;0;0;#Coast of Luzon
2850;1458;sea;0;0;#Gulf of Leyte
2850;1459;sea;0;0;#Gulf of Leyte
2850;1460;sea;0;0;#Gulf of Leyte
2850;1461;sea;0;0;#Gulf of Leyte
2850;1462;sea;0;0;#Gulf of Leyte
2850;1463;sea;0;0;#Gulf of Leyte
2850;1465;sea;0;0;#Gulf of Leyte
2851;1397;sea;0;0;#Sulu Sea
2851;1451;sea;0;0;#Sulu Sea
2851;1462;sea;0;0;#Sulu Sea
2851;1463;sea;0;0;#Sulu Sea
2851;1464;sea;0;0;#Sulu Sea
2852;1433;sea;0;0;#Sea of Celebes
2852;1434;sea;0;0;#Sea of Celebes
2852;1435;sea;0;0;#Sea of Celebes
2852;1436;sea;0;0;#Sea of Celebes
2852;1447;sea;0;0;#Sea of Celebes
2852;1449;sea;0;0;#Sea of Celebes
2852;1463;sea;0;0;#Sea of Celebes
2853;1447;sea;0;0;#Sea of Ternate
2853;1448;sea;0;0;#Sea of Ternate
2853;1449;sea;0;0;#Sea of Ternate
2853;1450;sea;0;0;#Sea of Ternate
2853;1453;sea;0;0;#Sea of Ternate
2853;1463;sea;0;0;#Sea of Ternate
2853;2518;sea;0;0;#Sea of Ternate
2854;1444;sea;0;0;#Sea of Banda
2854;1446;sea;0;0;#Sea of Banda
2854;1449;sea;0;0;#Sea of Banda
2854;1450;sea;0;0;#Sea of Banda
2854;1451;sea;0;0;#Sea of Banda
2855;1461;sea;0;0;#Philippine Sea
2855;1463;sea;0;0;#Philippine Sea
2856;1452;sea;0;0;#Palau Islands
2856;1453;sea;0;0;#Palau Islands
2856;1454;sea;0;0;#Palau Islands
2856;2518;sea;0;0;#Palau Islands
2856;2519;sea;0;0;#Palau Islands
2857;1454;sea;0;0;#Biak Bay
2857;2531;sea;0;0;#Biak Bay
2858;1531;sea;0;0;#Vilian Strait
2858;2528;sea;0;0;#Vilian Strait
2858;2530;sea;0;0;#Vilian Strait
2858;2531;sea;0;0;#Vilian Strait
2858;2537;sea;0;0;#Vilian Strait
2858;2539;sea;0;0;#Vilian Strait
2859;2528;sea;0;0;#Trobrian Islands
2859;2534;sea;0;0;#Trobrian Islands
2859;2539;sea;0;0;#Trobrian Islands
2860;2488;sea;0;0;#Torres Strait
2860;2528;sea;0;0;#Torres Strait
2860;2529;sea;0;0;#Torres Strait
2861;2501;sea;0;0;#Arafuam Sea
2861;2505;sea;0;0;#Arafuam Sea
2861;2506;sea;0;0;#Arafuam Sea
2862;1450;sea;0;0;#Kolepom Bay
2862;1451;sea;0;0;#Kolepom Bay
2862;1453;sea;0;0;#Kolepom Bay
2862;1454;sea;0;0;#Kolepom Bay
2862;1560;sea;0;0;#Kolepom Bay
2863;1560;sea;0;0;#Gulf of Carpentaria
2863;2488;sea;0;0;#Gulf of Carpentaria
2863;2505;sea;0;0;#Gulf of Carpentaria
2863;2506;sea;0;0;#Gulf of Carpentaria
2863;2529;sea;0;0;#Gulf of Carpentaria
2863;2604;sea;0;0;#Gulf of Carpentaria
2864;2484;sea;0;0;#Great Barrier Reef
2864;2487;sea;0;0;#Great Barrier Reef
2865;2469;sea;0;0;#Capricorn Bay
2865;2470;sea;0;0;#Capricorn Bay
2865;2483;sea;0;0;#Capricorn Bay
2865;2484;sea;0;0;#Capricorn Bay
2866;2468;sea;0;0;#Cape Howe
2866;2469;sea;0;0;#Cape Howe
2866;2472;sea;0;0;#Cape Howe
2867;2472;sea;0;0;#Bass Strait
2867;2476;sea;0;0;#Bass Strait
2867;2477;sea;0;0;#Bass Strait
2867;2479;sea;0;0;#Bass Strait
2867;2482;sea;0;0;#Bass Strait
2868;2477;sea;0;0;#Kangaroo Island
2868;2482;sea;0;0;#Kangaroo Island
2868;2491;sea;0;0;#Kangaroo Island
2868;2492;sea;0;0;#Kangaroo Island
2868;2493;sea;0;0;#Kangaroo Island
2868;2494;sea;0;0;#Kangaroo Island
2869;2492;sea;0;0;#Great Australian Bight
2869;2496;sea;0;0;#Great Australian Bight
2869;2504;sea;0;0;#Great Australian Bight
2870;2497;sea;0;0;#Cape Leeuwin
2870;2498;sea;0;0;#Cape Leeuwin
2870;2504;sea;0;0;#Cape Leeuwin
2871;2497;sea;0;0;#Shark Bay
2871;2499;sea;0;0;#Shark Bay
2872;2499;sea;0;0;#Northwest Cape
2872;2502;sea;0;0;#Northwest Cape
2872;2602;sea;0;0;#Northwest Cape
2873;2501;sea;0;0;#King Sound
2873;2602;sea;0;0;#King Sound
2874;2482;sea;0;0;#Tasman Plateau
2875;2482;sea;0;0;#Toogee Ridge
2876;2510;sea;0;0;#Cook Strait
2876;2512;sea;0;0;#Cook Strait
2876;2513;sea;0;0;#Cook Strait
2876;2514;sea;0;0;#Cook Strait
2876;2516;sea;0;0;#Cook Strait
2878;2509;sea;0;0;#Cape Farewell
2878;2510;sea;0;0;#Cape Farewell
2878;2571;sea;0;0;#Cape Farewell
2879;2511;sea;0;0;#Coast of New Zealand
2879;2512;sea;0;0;#Coast of New Zealand
2879;2571;sea;0;0;#Coast of New Zealand
2880;2513;sea;0;0;#Southern Tasman Sea
2881;2512;sea;0;0;#Canterbury Bight
2881;2513;sea;0;0;#Canterbury Bight
2881;2515;sea;0;0;#Canterbury Bight
2881;2516;sea;0;0;#Canterbury Bight
2882;1097;sea;0;0;#New Caledonia Sea
2882;2535;sea;0;0;#New Caledonia Sea
2884;2534;sea;0;0;#Gilbert Sea
2884;2535;sea;0;0;#Gilbert Sea
2884;2536;sea;0;0;#Gilbert Sea
2885;1531;sea;0;0;#Solomon Sea
2885;2534;sea;0;0;#Solomon Sea
2885;2539;sea;0;0;#Solomon Sea
2886;2523;sea;0;0;#Nauru Island
2887;610;sea;0;0;#Melanesia Sea
2887;1531;sea;0;0;#Melanesia Sea
2888;2517;sea;0;0;#Micronesia Sea
2888;2519;sea;0;0;#Micronesia Sea
2891;1654;sea;0;0;#Tinian Sea
2891;2521;sea;0;0;#Tinian Sea
2892;1654;sea;0;0;#Iwo Jima Sea
2894;1074;sea;0;0;#The Kuriles
2895;1074;sea;0;0;#Bay of Uka
2895;2633;sea;0;0;#Bay of Uka
2896;2616;sea;0;0;#Bay of Oljut
2896;2633;sea;0;0;#Bay of Oljut
2897;2590;sea;0;0;#Bay of Anadyr
2897;2616;sea;0;0;#Bay of Anadyr
2897;2634;sea;0;0;#Bay of Anadyr
2897;2637;sea;0;0;#Bay of Anadyr
2899;1177;sea;0;0;#Horn of Africa
2899;1871;sea;0;0;#Horn of Africa
2899;1872;sea;0;0;#Horn of Africa
2900;1868;sea;0;0;#Coast of Pepper
2900;1870;sea;0;0;#Coast of Pepper
2900;1871;sea;0;0;#Coast of Pepper
2900;2030;sea;0;0;#Coast of Pepper
2901;2029;sea;0;0;#Zanzibar Strait
2901;2030;sea;0;0;#Zanzibar Strait
2901;2036;sea;0;0;#Zanzibar Strait
2901;2037;sea;0;0;#Zanzibar Strait
2901;2038;sea;0;0;#Zanzibar Strait
2901;2039;sea;0;0;#Zanzibar Strait
2901;2048;sea;0;0;#Zanzibar Strait
2901;2120;sea;0;0;#Zanzibar Strait
2902;2039;sea;0;0;#Mozambique Channel
2902;2060;sea;0;0;#Mozambique Channel
2902;2061;sea;0;0;#Mozambique Channel
2902;2063;sea;0;0;#Mozambique Channel
2902;2120;sea;0;0;#Mozambique Channel
2902;2121;sea;0;0;#Mozambique Channel
2902;2122;sea;0;0;#Mozambique Channel
2902;2123;sea;0;0;#Mozambique Channel
2902;2124;sea;0;0;#Mozambique Channel
2903;2120;sea;0;0;#Diego Suarez Bay
2903;2127;sea;0;0;#Diego Suarez Bay
2904;1177;sea;0;0;#Western Arabian Sea
2907;2118;sea;0;0;#Coast of Tamatave
2907;2119;sea;0;0;#Coast of Tamatave
2907;2120;sea;0;0;#Coast of Tamatave
2907;2126;sea;0;0;#Coast of Tamatave
2908;2125;sea;0;0;#The Mascareignes
2909;2059;sea;0;0;#Gulf of Zambeze
2909;2061;sea;0;0;#Gulf of Zambeze
2909;2117;sea;0;0;#Gulf of Zambeze
2909;2122;sea;0;0;#Gulf of Zambeze
2910;2049;sea;0;0;#Coast of Natal
2910;2050;sea;0;0;#Coast of Natal
2910;2051;sea;0;0;#Coast of Natal
2910;2057;sea;0;0;#Coast of Natal
2910;2059;sea;0;0;#Coast of Natal
2910;2113;sea;0;0;#Coast of Natal
2911;2098;sea;0;0;#Coast of Transkei
2911;2100;sea;0;0;#Coast of Transkei
2911;2111;sea;0;0;#Coast of Transkei
2911;2113;sea;0;0;#Coast of Transkei
2912;2091;sea;0;0;#Coast of Ciskei
2912;2096;sea;0;0;#Coast of Ciskei
2912;2098;sea;0;0;#Coast of Ciskei
2913;2084;sea;0;0;#Cape of Good Hope
2913;2087;sea;0;0;#Cape of Good Hope
2913;2088;sea;0;0;#Cape of Good Hope
2913;2090;sea;0;0;#Cape of Good Hope
2913;2091;sea;0;0;#Cape of Good Hope
2914;2083;sea;0;0;#Coast of Namibia
2914;2084;sea;0;0;#Coast of Namibia
2915;2004;sea;0;0;#Coast of Angola
2915;2079;sea;0;0;#Coast of Angola
2915;2083;sea;0;0;#Coast of Angola
2916;1999;sea;0;0;#Gulf of Kongo
2916;2001;sea;0;0;#Gulf of Kongo
2916;2003;sea;0;0;#Gulf of Kongo
2916;2004;sea;0;0;#Gulf of Kongo
2917;1954;sea;0;0;#Coast of Cameroon
2917;1972;sea;0;0;#Coast of Cameroon
2917;1973;sea;0;0;#Coast of Cameroon
2917;1974;sea;0;0;#Coast of Cameroon
2917;1983;sea;0;0;#Coast of Cameroon
2917;2000;sea;0;0;#Coast of Cameroon
2917;2001;sea;0;0;#Coast of Cameroon
2917;2624;sea;0;0;#Coast of Cameroon
2918;1919;sea;0;0;#Bight of Benin
2918;1923;sea;0;0;#Bight of Benin
2918;1928;sea;0;0;#Bight of Benin
2918;1931;sea;0;0;#Bight of Benin
2918;1932;sea;0;0;#Bight of Benin
2918;1934;sea;0;0;#Bight of Benin
2918;1954;sea;0;0;#Bight of Benin
2918;1955;sea;0;0;#Bight of Benin
2918;1956;sea;0;0;#Bight of Benin
2918;1957;sea;0;0;#Bight of Benin
2918;1958;sea;0;0;#Bight of Benin
2918;1973;sea;0;0;#Bight of Benin
2919;1892;sea;0;0;#Gold Coast
2919;1894;sea;0;0;#Gold Coast
2919;1907;sea;0;0;#Gold Coast
2919;1908;sea;0;0;#Gold Coast
2919;1909;sea;0;0;#Gold Coast
2919;1914;sea;0;0;#Gold Coast
2919;1919;sea;0;0;#Gold Coast
2920;1884;sea;0;0;#Ivory Coast
2920;1887;sea;0;0;#Ivory Coast
2920;1888;sea;0;0;#Ivory Coast
2920;1892;sea;0;0;#Ivory Coast
2920;1893;sea;0;0;#Ivory Coast
2921;1877;sea;0;0;#Coast of Guinea
2921;1879;sea;0;0;#Coast of Guinea
2921;1884;sea;0;0;#Coast of Guinea
2922;1783;sea;0;0;#Coast of Senegambia
2922;1784;sea;0;0;#Coast of Senegambia
2922;1785;sea;0;0;#Coast of Senegambia
2922;1788;sea;0;0;#Coast of Senegambia
2922;1792;sea;0;0;#Coast of Senegambia
2922;1876;sea;0;0;#Coast of Senegambia
2922;2573;sea;0;0;#Coast of Senegambia
2923;1774;sea;0;0;#Mauritanian Coast
2923;1775;sea;0;0;#Mauritanian Coast
2923;1776;sea;0;0;#Mauritanian Coast
2923;1784;sea;0;0;#Mauritanian Coast
2924;1693;sea;0;0;#Canarian Sea
2924;1694;sea;0;0;#Canarian Sea
2924;1696;sea;0;0;#Canarian Sea
2924;1773;sea;0;0;#Canarian Sea
2924;1774;sea;0;0;#Canarian Sea
2924;2135;sea;0;0;#Canarian Sea
2924;2136;sea;0;0;#Canarian Sea
2925;1685;sea;0;0;#Coast of Morocco
2925;1691;sea;0;0;#Coast of Morocco
2925;1693;sea;0;0;#Coast of Morocco
2927;3246;sea;0;0;#Spitzberg Sea
2928;252;sea;0;0;#Icelandic Sea
2929;252;sea;0;0;#Shetland Straits
2929;253;sea;0;0;#Shetland Straits
2930;252;sea;0;0;#Coast of Iceland
2633;251;sea;0;0;#Denmark Strait
2933;252;sea;0;0;#Denmark Strait
2933;2632;sea;0;0;#Denmark Strait
2934;251;sea;0;0;#Eastern Coast of Greenland
2935;251;sea;0;0;#Western Coast of Greenland
2936;76;sea;0;0;#Labrador Strait
2936;2625;sea;0;0;#Labrador Strait
2937;45;sea;0;0;#Baffin Bay
2937;251;sea;0;0;#Baffin Bay
2937;2591;sea;0;0;#Baffin Bay
2937;2636;sea;0;0;#Baffin Bay
2938;45;sea;0;0;#Hudson Straits
2938;2592;sea;0;0;#Hudson Straits
2938;2627;sea;0;0;#Hudson Straits
2939;47;sea;0;0;#James Bay
2939;48;sea;0;0;#James Bay
2939;60;sea;0;0;#James Bay
2939;2593;sea;0;0;#James Bay
2939;2626;sea;0;0;#James Bay
2939;2628;sea;0;0;#James Bay
2940;37;sea;0;0;#Western Hudson Bay
2940;44;sea;0;0;#Western Hudson Bay
2940;47;sea;0;0;#Western Hudson Bay
2940;2595;sea;0;0;#Western Hudson Bay
2941;44;sea;0;0;#Eastern Hudson Bay
2941;2592;sea;0;0;#Eastern Hudson Bay
2941;2626;sea;0;0;#Eastern Hudson Bay
2942;44;sea;0;0;#Foxe Basin
2942;2592;sea;0;0;#Foxe Basin
2943;61;sea;0;0;#Gulf of St. Lawrence
2943;62;sea;0;0;#Gulf of St. Lawrence
2943;65;sea;0;0;#Gulf of St. Lawrence
2943;67;sea;0;0;#Gulf of St. Lawrence
2943;69;sea;0;0;#Gulf of St. Lawrence
2944;68;sea;0;0;#Cabot Strait
2944;69;sea;0;0;#Cabot Strait
2944;70;sea;0;0;#Cabot Strait
2944;72;sea;0;0;#Cabot Strait
2944;73;sea;0;0;#Cabot Strait
2944;74;sea;0;0;#Cabot Strait
2944;75;sea;0;0;#Cabot Strait
2944;77;sea;0;0;#Cabot Strait
2945;68;sea;0;0;#Bay of Fundy
2945;71;sea;0;0;#Bay of Fundy
2945;72;sea;0;0;#Bay of Fundy
2945;249;sea;0;0;#Bay of Fundy
2946;62;sea;0;0;#Strait of Belle Isle
2946;75;sea;0;0;#Strait of Belle Isle
2947;74;sea;0;0;#Fortune Bay
2948;74;sea;0;0;#Notre Dame Bay
2948;75;sea;0;0;#Notre Dame Bay
2952;242;sea;0;0;#Massachusetts Bay
2952;243;sea;0;0;#Massachusetts Bay
2952;244;sea;0;0;#Massachusetts Bay
2952;247;sea;0;0;#Massachusetts Bay
2952;248;sea;0;0;#Massachusetts Bay
2952;249;sea;0;0;#Massachusetts Bay
2953;222;sea;0;0;#Chesapeake Bay
2953;223;sea;0;0;#Chesapeake Bay
2953;229;sea;0;0;#Chesapeake Bay
2953;230;sea;0;0;#Chesapeake Bay
2953;231;sea;0;0;#Chesapeake Bay
2953;232;sea;0;0;#Chesapeake Bay
2953;233;sea;0;0;#Chesapeake Bay
2953;241;sea;0;0;#Chesapeake Bay
2953;242;sea;0;0;#Chesapeake Bay
2954;207;sea;0;0;#Cape Hatteras
2954;210;sea;0;0;#Cape Hatteras
2954;212;sea;0;0;#Cape Hatteras
2954;213;sea;0;0;#Cape Hatteras
2954;214;sea;0;0;#Cape Hatteras
2954;219;sea;0;0;#Cape Hatteras
2954;220;sea;0;0;#Cape Hatteras
2954;222;sea;0;0;#Cape Hatteras
2955;199;sea;0;0;#Coast of Carolina
2955;204;sea;0;0;#Coast of Carolina
2955;205;sea;0;0;#Coast of Carolina
2955;210;sea;0;0;#Coast of Carolina
2956;199;sea;0;0;#Coast of Florida
2956;200;sea;0;0;#Coast of Florida
2956;2219;sea;0;0;#Coast of Florida
2957;2219;sea;0;0;#Coast of the Bahamas
2958;200;sea;0;0;#Florida Straits
2958;2209;sea;0;0;#Florida Straits
2958;2210;sea;0;0;#Florida Straits
2958;2219;sea;0;0;#Florida Straits
2959;198;sea;0;0;#Apalachee Bay
2959;199;sea;0;0;#Apalachee Bay
2959;200;sea;0;0;#Apalachee Bay
2960;139;sea;0;0;#Mobile Bay
2960;140;sea;0;0;#Mobile Bay
2960;141;sea;0;0;#Mobile Bay
2960;194;sea;0;0;#Mobile Bay
2960;197;sea;0;0;#Mobile Bay
2960;198;sea;0;0;#Mobile Bay
2961;132;sea;0;0;#Galveston Bay
2961;133;sea;0;0;#Galveston Bay
2961;137;sea;0;0;#Galveston Bay
2961;138;sea;0;0;#Galveston Bay
2961;141;sea;0;0;#Galveston Bay
2961;2149;sea;0;0;#Galveston Bay
2962;2149;sea;0;0;#Tampico Bay
2962;2150;sea;0;0;#Tampico Bay
2962;2163;sea;0;0;#Tampico Bay
2963;2162;sea;0;0;#Yucatan Sea
2963;2164;sea;0;0;#Yucatan Sea
2963;2165;sea;0;0;#Yucatan Sea
2963;2183;sea;0;0;#Yucatan Sea
2963;2184;sea;0;0;#Yucatan Sea
2964;2183;sea;0;0;#Gulf of Mexico
2965;2183;sea;0;0;#Yucatan Channel
2965;2185;sea;0;0;#Yucatan Channel
2965;2209;sea;0;0;#Yucatan Channel
2966;2185;sea;0;0;#Belize Bay
2966;2188;sea;0;0;#Belize Bay
2966;2190;sea;0;0;#Belize Bay
2966;2194;sea;0;0;#Belize Bay
2966;2195;sea;0;0;#Belize Bay
2967;2196;sea;0;0;#Mosquito Coast
2967;2200;sea;0;0;#Mosquito Coast
2968;1723;sea;0;0;#Gulf of Darien
2968;2198;sea;0;0;#Gulf of Darien
2968;2200;sea;0;0;#Gulf of Darien
2968;2203;sea;0;0;#Gulf of Darien
2968;2204;sea;0;0;#Gulf of Darien
2968;2205;sea;0;0;#Gulf of Darien
2968;2206;sea;0;0;#Gulf of Darien
2968;2208;sea;0;0;#Gulf of Darien
2968;2253;sea;0;0;#Gulf of Darien
2968;2254;sea;0;0;#Gulf of Darien
2968;2255;sea;0;0;#Gulf of Darien
2969;2212;sea;0;0;#Jamaica Channel
2969;2213;sea;0;0;#Jamaica Channel
2969;2215;sea;0;0;#Jamaica Channel
2969;2217;sea;0;0;#Jamaica Channel
2970;2217;sea;0;0;#Central Caribbean
2971;2209;sea;0;0;#Northwestern Caribbean
2971;2210;sea;0;0;#Northwestern Caribbean
2971;2211;sea;0;0;#Northwestern Caribbean
2971;2212;sea;0;0;#Northwestern Caribbean
2971;2217;sea;0;0;#Northwestern Caribbean
2971;2218;sea;0;0;#Northwestern Caribbean
2972;2234;sea;0;0;#Venezuelan Gulf
2972;2235;sea;0;0;#Venezuelan Gulf
2972;2255;sea;0;0;#Venezuelan Gulf
2972;2268;sea;0;0;#Venezuelan Gulf
2972;2270;sea;0;0;#Venezuelan Gulf
2972;2271;sea;0;0;#Venezuelan Gulf
2972;2272;sea;0;0;#Venezuelan Gulf
2973;2264;sea;0;0;#Venezuelan Sea
2973;2267;sea;0;0;#Venezuelan Sea
2973;2269;sea;0;0;#Venezuelan Sea
2974;2214;sea;0;0;#Eastern Caribbean
2974;2216;sea;0;0;#Eastern Caribbean
2974;2222;sea;0;0;#Eastern Caribbean
2975;2229;sea;0;0;#Windward Islands
2975;2231;sea;0;0;#Windward Islands
2975;2233;sea;0;0;#Windward Islands
2975;2237;sea;0;0;#Windward Islands
2975;2238;sea;0;0;#Windward Islands
2975;2269;sea;0;0;#Windward Islands
2975;2276;sea;0;0;#Windward Islands
2975;2409;sea;0;0;#Windward Islands
2976;2222;sea;0;0;#Lesser Antilles
2976;2223;sea;0;0;#Lesser Antilles
2976;2224;sea;0;0;#Lesser Antilles
2976;2225;sea;0;0;#Lesser Antilles
2976;2226;sea;0;0;#Lesser Antilles
2976;2227;sea;0;0;#Lesser Antilles
2976;2228;sea;0;0;#Lesser Antilles
2976;2230;sea;0;0;#Lesser Antilles
2976;2231;sea;0;0;#Lesser Antilles
2976;2232;sea;0;0;#Lesser Antilles
2976;2236;sea;0;0;#Lesser Antilles
2977;2214;sea;0;0;#Turks & Caicos Sea
2977;2215;sea;0;0;#Turks & Caicos Sea
2977;2216;sea;0;0;#Turks & Caicos Sea
2977;2220;sea;0;0;#Turks & Caicos Sea
2978;2210;sea;0;0;#Coast of Cuba
2978;2211;sea;0;0;#Coast of Cuba
2978;2212;sea;0;0;#Coast of Cuba
2978;2219;sea;0;0;#Coast of Cuba
2979;2214;sea;0;0;#Coast of Hispaniola
2979;2222;sea;0;0;#Coast of Hispaniola
2979;2226;sea;0;0;#Coast of Hispaniola
2980;2239;sea;0;0;#Guyana Coast
2980;2240;sea;0;0;#Guyana Coast
2980;2241;sea;0;0;#Guyana Coast
2980;2243;sea;0;0;#Guyana Coast
2980;2276;sea;0;0;#Guyana Coast
2981;2241;sea;0;0;#Coast of Amapa
2981;2414;sea;0;0;#Coast of Amapa
2982;2214;sea;0;0;#Amazonas Gulf
2982;2215;sea;0;0;#Amazonas Gulf
2982;2410;sea;0;0;#Amazonas Gulf
2982;2424;sea;0;0;#Amazonas Gulf
2983;2424;sea;0;0;#Coast of Brazil
2983;2426;sea;0;0;#Coast of Brazil
2983;2429;sea;0;0;#Coast of Brazil
2983;2431;sea;0;0;#Coast of Brazil
2984;2428;sea;0;0;#Coast of Recife
2984;2431;sea;0;0;#Coast of Recife
2984;2432;sea;0;0;#Coast of Recife
2984;2434;sea;0;0;#Coast of Recife
2985;2434;sea;0;0;#Coast of Pernambuco
2985;2435;sea;0;0;#Coast of Pernambuco
2985;2436;sea;0;0;#Coast of Pernambuco
2985;2439;sea;0;0;#Coast of Pernambuco
2986;2439;sea;0;0;#Todos os Santos Bay
2986;2448;sea;0;0;#Todos os Santos Bay
2986;2449;sea;0;0;#Todos os Santos Bay
2987;2447;sea;0;0;#Rio De Janeiro
2987;2448;sea;0;0;#Rio De Janeiro
2987;2451;sea;0;0;#Rio De Janeiro
2987;2455;sea;0;0;#Rio De Janeiro
2987;2457;sea;0;0;#Rio De Janeiro
2987;2461;sea;0;0;#Rio De Janeiro
2988;2347;sea;0;0;#Baia Paranagua
2988;2461;sea;0;0;#Baia Paranagua
2988;2463;sea;0;0;#Baia Paranagua
2988;2464;sea;0;0;#Baia Paranagua
2989;2344;sea;0;0;#Rio De La Plata
2989;2345;sea;0;0;#Rio De La Plata
2989;2347;sea;0;0;#Rio De La Plata
2989;2348;sea;0;0;#Rio De La Plata
2989;2351;sea;0;0;#Rio De La Plata
2989;2352;sea;0;0;#Rio De La Plata
2989;2359;sea;0;0;#Rio De La Plata
2989;2360;sea;0;0;#Rio De La Plata
2990;2352;sea;0;0;#Bahia Blanca
2990;2354;sea;0;0;#Bahia Blanca
2990;2355;sea;0;0;#Bahia Blanca
2990;2392;sea;0;0;#Bahia Blanca
2990;2393;sea;0;0;#Bahia Blanca
2990;2396;sea;0;0;#Bahia Blanca
2991;2398;sea;0;0;#Coast of Patagonia
2991;2399;sea;0;0;#Coast of Patagonia
2992;2334;sea;0;0;#Magellan Strait
2992;2335;sea;0;0;#Magellan Strait
2992;2399;sea;0;0;#Magellan Strait
2992;2400;sea;0;0;#Magellan Strait
2993;2333;sea;0;0;#South Chilean Coast
2993;2334;sea;0;0;#South Chilean Coast
2994;2328;sea;0;0;#Coast of Chile
2994;2329;sea;0;0;#Coast of Chile
2994;2332;sea;0;0;#Coast of Chile
2994;2333;sea;0;0;#Coast of Chile
2995;2325;sea;0;0;#Atacama Coast
2995;2326;sea;0;0;#Atacama Coast
2995;2329;sea;0;0;#Atacama Coast
2995;2330;sea;0;0;#Atacama Coast
2996;2305;sea;0;0;#Antofagasta Coast
2996;2322;sea;0;0;#Antofagasta Coast
2996;2323;sea;0;0;#Antofagasta Coast
2996;2326;sea;0;0;#Antofagasta Coast
2997;2297;sea;0;0;#Arequipa Bay
2997;2304;sea;0;0;#Arequipa Bay
2997;2305;sea;0;0;#Arequipa Bay
2997;2307;sea;0;0;#Arequipa Bay
2997;2308;sea;0;0;#Arequipa Bay
2997;2309;sea;0;0;#Arequipa Bay
2997;2578;sea;0;0;#Arequipa Bay
2998;2292;sea;0;0;#Coast of Peru
2998;2295;sea;0;0;#Coast of Peru
2998;2297;sea;0;0;#Coast of Peru
2998;2298;sea;0;0;#Coast of Peru
2999;2280;sea;0;0;#Guayaquil Bay
2999;2291;sea;0;0;#Guayaquil Bay
2999;2292;sea;0;0;#Guayaquil Bay
3000;2258;sea;0;0;#Coast of Ecuador
3000;2281;sea;0;0;#Coast of Ecuador
3001;1723;sea;0;0;#Gulf of Panama
3001;2201;sea;0;0;#Gulf of Panama
3001;2204;sea;0;0;#Gulf of Panama
3001;2205;sea;0;0;#Gulf of Panama
3001;2206;sea;0;0;#Gulf of Panama
3001;2208;sea;0;0;#Gulf of Panama
3001;2253;sea;0;0;#Gulf of Panama
3001;2258;sea;0;0;#Gulf of Panama
3002;2191;sea;0;0;#Bay of Costa Rica
3002;2192;sea;0;0;#Bay of Costa Rica
3002;2193;sea;0;0;#Bay of Costa Rica
3002;2197;sea;0;0;#Bay of Costa Rica
3002;2198;sea;0;0;#Bay of Costa Rica
3002;2199;sea;0;0;#Bay of Costa Rica
3002;2201;sea;0;0;#Bay of Costa Rica
3002;2202;sea;0;0;#Bay of Costa Rica
3003;2178;sea;0;0;#Acapulco Bay
3003;2182;sea;0;0;#Acapulco Bay
3003;2186;sea;0;0;#Acapulco Bay
3003;2187;sea;0;0;#Acapulco Bay
3003;2191;sea;0;0;#Acapulco Bay
3004;2171;sea;0;0;#Manzanilla Bay
3004;2178;sea;0;0;#Manzanilla Bay
3004;2179;sea;0;0;#Manzanilla Bay
3005;2161;sea;0;0;#Mazatlan Bay
3005;2168;sea;0;0;#Mazatlan Bay
3005;2169;sea;0;0;#Mazatlan Bay
3005;2171;sea;0;0;#Mazatlan Bay
3006;2137;sea;0;0;#Gulf of California
3006;2138;sea;0;0;#Gulf of California
3006;2139;sea;0;0;#Gulf of California
3006;2140;sea;0;0;#Gulf of California
3006;2141;sea;0;0;#Gulf of California
3006;2156;sea;0;0;#Gulf of California
3006;2157;sea;0;0;#Gulf of California
3006;2161;sea;0;0;#Gulf of California
3007;2138;sea;0;0;#Coast of Baja
3007;2139;sea;0;0;#Coast of Baja
3008;89;sea;0;0;#Coast of California
3008;90;sea;0;0;#Coast of California
3008;2139;sea;0;0;#Coast of California
3009;84;sea;0;0;#Santa Catalina Islands
3009;85;sea;0;0;#Santa Catalina Islands
3009;87;sea;0;0;#Santa Catalina Islands
3009;89;sea;0;0;#Santa Catalina Islands
3010;81;sea;0;0;#Coast of Oregon
3010;85;sea;0;0;#Coast of Oregon
3011;13;sea;0;0;#Coast of Columbia
3011;14;sea;0;0;#Coast of Columbia
3011;15;sea;0;0;#Coast of Columbia
3011;78;sea;0;0;#Coast of Columbia
3011;81;sea;0;0;#Coast of Columbia
3012;1;sea;0;0;#Hecate Strait
3012;2;sea;0;0;#Hecate Strait
3012;15;sea;0;0;#Hecate Strait
3012;2630;sea;0;0;#Hecate Strait
3013;3;sea;0;0;#Gulf of Alaska
3013;4;sea;0;0;#Gulf of Alaska
3013;2630;sea;0;0;#Gulf of Alaska
3014;4;sea;0;0;#Coast of Alaska
3014;5;sea;0;0;#Coast of Alaska
3014;2631;sea;0;0;#Coast of Alaska
3015;5;sea;0;0;#Kuskowim Bay
3015;2631;sea;0;0;#Kuskowim Bay
3020;2134;sea;0;0;#Sea of Azores
3022;71;sea;0;0;#New England Seamounts
3022;72;sea;0;0;#New England Seamounts
3025;203;sea;0;0;#West Bermuda Sea
3038;2129;sea;0;0;#East Guinea Basin
3048;2131;sea;0;0;#Coast of Falklands
3053;2130;sea;0;0;#West Coast of Ascension
3054;2130;sea;0;0;#East Coast of Ascension
3057;2132;sea;0;0;#Gough Island
3058;2132;sea;0;0;#Coast of Tristan da Cunha
3067;1321;sea;0;0;#Ceylon Sea
3067;1322;sea;0;0;#Ceylon Sea
3067;1324;sea;0;0;#Ceylon Sea
3068;1325;sea;0;0;#Coast of Maldives
3072;1325;sea;0;0;#One and a Half Degree Channel
3072;2128;sea;0;0;#One and a Half Degree Channel
3073;2128;sea;0;0;#Chagos Archipelago
3076;2406;sea;0;0;#Coast of the Keelings
3077;2406;sea;0;0;#Java Trench
3080;2117;sea;0;0;#Cape Sainte Marie
3080;2118;sea;0;0;#Cape Sainte Marie
3126;2525;sea;0;0;#Coast of Marcus Island
3127;2517;sea;0;0;#Coast of the Mariana Islands
3127;2521;sea;0;0;#Coast of the Mariana Islands
3130;5;sea;0;0;#North Bering Sea
3132;4;sea;0;0;#Western Aleutian Islands
3133;5;sea;0;0;#Pribilof Islands
3134;4;sea;0;0;#Eastern Aleutian Islands
3134;4;sea;0;0;#Eastern Aleutian Islands
3135;3;sea;0;0;#Uminak Pass
3135;4;sea;0;0;#Uminak Pass
3150;658;sea;0;0;#Coast of Hawaii
3153;2623;sea;0;0;#Coast of Midway Island
3154;2168;sea;0;0;#Kepler Plain
3157;2285;sea;0;0;#Coast of the Galapagos Islands
3159;801;sea;0;0;#Coast of the Cook Islands
3159;2545;sea;0;0;#Coast of the Cook Islands
3169;686;sea;0;0;#Northern Line Islands
3170;801;sea;0;0;#Coast of the Society Islands
3170;2545;sea;0;0;#Coast of the Society Islands
3170;2546;sea;0;0;#Coast of the Society Islands
3170;2553;sea;0;0;#Coast of the Society Islands
3175;2551;sea;0;0;#Southern Line Islands
3176;686;sea;0;0;#Central Pacific Basin
3176;2546;sea;0;0;#Central Pacific Basin
3177;2520;sea;0;0;#Coast of Samoa
3177;2540;sea;0;0;#Coast of Samoa
3177;2542;sea;0;0;#Coast of Samoa
3177;2543;sea;0;0;#Coast of Samoa
3177;2544;sea;0;0;#Coast of Samoa
3177;2547;sea;0;0;#Coast of Samoa
3178;2526;sea;0;0;#Johnston Atoll
3179;2520;sea;0;0;#Coast of Tonga
3179;2540;sea;0;0;#Coast of Tonga
3179;2544;sea;0;0;#Coast of Tonga
3179;2545;sea;0;0;#Coast of Tonga
3179;2548;sea;0;0;#Coast of Tonga
3180;2551;sea;0;0;#Coast of the Marquesas
3180;2553;sea;0;0;#Coast of the Marquesas
3182;2552;sea;0;0;#Coast of the Tuamotus
3182;2553;sea;0;0;#Coast of the Tuamotus
3185;2545;sea;0;0;#Southwest Pacific Basin
3187;2552;sea;0;0;#Coast of Pitcairn Island
3190;2336;sea;0;0;#Coast of Easter Island
3191;2541;sea;0;0;#Coast of the Ellice Islands
3192;2535;sea;0;0;#New Caledonia Basin
3197;2522;sea;0;0;#Syrus Reef
3197;2524;sea;0;0;#Syrus Reef
3200;2133;sea;0;0;#Coast of South Georgia
3203;2129;sea;0;0;#West Coast of Saint Helena
3218;610;sea;0;0;#Pisaros Pass
3218;2579;sea;0;0;#Pisaros Pass
3219;2454;sea;0;0;#Coast of Fiji
3219;2520;sea;0;0;#Coast of Fiji
3220;2508;sea;0;0;#Coast of Norfolk Island
3221;2522;sea;0;0;#Coast of the Gilbert Islands
3221;2527;sea;0;0;#Coast of the Gilbert Islands
3222;2522;sea;0;0;#Mainu Reef
3223;610;sea;0;0;#Tusei Bank
3223;2522;sea;0;0;#Tusei Bank
3244;610;sea;0;0;#Jaluit Passage
3244;2522;sea;0;0;#Jaluit Passage
3248;2334;sea;0;0;#West Magellan Strait

#
# The canals  
#
2711;2721;canal;369;1;Kiel Canal
2781;2769;canal;1755;2;Suez Canal
2968;3001;canal;1723;3;Panama Canal
2773;2774;canal;860;4;Bosphorus Strait
2772;2773;canal;859;5;Dardanelles Strait

#Deltas to Oceans/Seas blockage

3261;2761;impassable;0;0;Po to Adriatic
3262;2775;impassable;0;0;Danube to Gulf of Odessa
3263;2723;impassable;0;0;Rhine to Dogger Bank
3264;2724;impassable;0;0;Seine to Straights of Dover
3265;2749;impassable;0;0;Rhone to Gulf of Lion
3266;2721;impassable;0;0;Elbe to Heligoland Bight
3267;2710;impassable;0;0;Vistula to Southern Baltic Sea
3268;2775;impassable;0;0;Dnieper to Gulf of Odessa
3269;2709;impassable;0;0;Daugava to Gulf of Riga
3270;2779;impassable;0;0;Volga to Caspian Sea
3271;2728;impassable;0;0;Loire to Quiberon Bay
3272;2710;impassable;0;0;Oder to Southern Baltic Sea
3273;2769;impassable;0;0;Nile to Palestinian Coast
3273;2768;impassable;0;0;Nile to Bay of Alexanderia
3275;2788;impassable;0;0;Tigris and Euphrates to Persian Gulf
3276;2789;impassable;0;0;Indus to Gulf of Indus
3277;2796;impassable;0;0;Ganges to Ganges Delta
3278;2817;impassable;0;0;Mekong to Mekong Delta
3279;2824;impassable;0;0;Pearl to Guanghou Bay
3280;2826;impassable;0;0;Yangtze to Yangtze Delta
3281;2828;impassable;0;0;Yellow to Korea Bay
3283;2828;impassable;0;0;Liao to Korea Bay
3284;2832;impassable;0;0;Amur to Tatar Straits
3286;2828;impassable;0;0;Korea Rivers to Korea Bay
3286;2830;impassable;0;0;Korea Rivers to North Korea Sea
3287;2960;impassable;0;0;Mississippi to Mobile Bay
3288;3112;impassable;0;0;StLawrence to Lake Ontario
3288;2943;impassable;0;0;StLawrence to Gulf of StLawrence
3289;2961;impassable;0;0;Rio Grande to Galveston Bay
3290;2982;impassable;0;0;Amazon to Amazonas Gulf
3291;2975;impassable;0;0;Orinoco to Winward Isles
3292;2989;impassable;0;0;Uruguay to Rio De La Plata
3293;2989;impassable;0;0;Paraguay River System to Rio De La Plata
3294;2748;impassable;0;0;Ebro to Gulf of Valencia
3296;2917;impassable;0;0;Congo to Coast of Cameroon
3297;2918;impassable;0;0;Niger to Gulf of Nigeria
#Custom River Crossings

785;777;sea;0;0;Banja Luka to Pozega
786;777;sea;0;0;Tuzla to Pozega
793;786;sea;0;0;Vukovar to Tuzla
791;786;sea;0;0;Mitrovica to Tuzla
794;786;sea;0;0;Belgrade to Tuzla
794;787;sea;0;0;Belgrade to Foca
791;794;sea;0;0;Mitrovica to Belgrade
594;588;sea;0;0;Sigmaringen to Konstanz
594;593;sea;0;0;Sigmaringen to Ulm
589;593;sea;0;0;Stuttgart to Ulm
589;592;sea;0;0;Stuttgart to Augsburg
595;592;sea;0;0;Nuremburg to Augsburg
601;600;sea;0;0;Ingolstadt to Landshut
602;622;sea;0;0;Regensburg to Linz
602;600;sea;0;0;Regensburg to Landshut
722;723;sea;0;0;Novara to Alessandria
726;723;sea;0;0;Milan to Alessandria
726;738;sea;0;0;Milan to Parma
728;738;sea;0;0;Brescia to Parma
728;739;sea;0;0;Brescia to Modena
730;739;sea;0;0;Verona to Modena
730;742;sea;0;0;Verona to Ferrara
731;742;sea;0;0;Padua to Ferrara
622;621;sea;0;0;Linz to Krems
620;621;sea;0;0;Sankt Polten to Krems
620;619;sea;0;0;Sankt Polten to Vienna
624;633;sea;0;0;Eisenstadt to Bratislava
623;633;sea;0;0;Eisenstadt to Bratislava
642;633;sea;0;0;Gyor to Bratislava
642;635;sea;0;0;Gyor to Nitra
642;646;sea;0;0;Gyor to Miskolc
642;641;sea;0;0;Gyor to Budapest
643;641;sea;0;0;Szeke to Budapest
643;645;sea;0;0;Szeke to Kecs
644;645;sea;0;0;Kaposvar to Kecs
640;645;sea;0;0;Pecs to Kecs
640;2538;sea;0;0;Pecs to Novi Sad
779;2538;sea;0;0;Osijek to Novi Sad
793;2538;sea;0;0;Vukovar to Novi Sad
791;2538;sea;0;0;Mitrovika to Novi Sad
791;792;sea;0;0;Mitrovika to Pancevo
794;792;sea;0;0;Belgrade to Pancevo
795;792;sea;0;0;Bor to Pancevo
795;653;sea;0;0;Bor to Resica
795;665;sea;0;0;Bor to Tirgu
795;666;sea;0;0;Bor to Craiova
810;666;sea;0;0;Vidin to Craiova
810;664;sea;0;0;Vidin to Bucharest
811;664;sea;0;0;Ruse to Bucharest
818;664;sea;0;0;Silistre to Bucharest
818;669;sea;0;0;Silistre to Calarasi
674;669;sea;0;0;Constanta to Calarasi
674;668;sea;0;0;Constanta to Braila
675;668;sea;0;0;Tulcea to Braila
675;673;sea;0;0;Tulcea to Galata
675;678;sea;0;0;Tulcea to Izmail
376;378;sea;0;0;Rotterdam to Middelburg
376;380;sea;0;0;Rotterdam to Breda
377;380;sea;0;0;Utrecht to Breda
377;379;sea;0;0;Utrecht to Eindhoven
382;379;sea;0;0;Arnheim to Eindhoven
382;577;sea;0;0;Arnheim to Cleves
581;577;sea;0;0;Munster to Cleves
578;577;sea;0;0;Dusseldorf to Cleves
578;575;sea;0;0;Dusseldorf to Cologne
2561;575;sea;0;0;Siegeburg to Cologne
2561;574;sea;0;0;Siegeburg to Kreuznacht
579;574;sea;0;0;Koblenz to Kreuznacht
565;574;sea;0;0;Wiesbaden to Kreuznacht
565;570;sea;0;0;Mainz to Kreuznacht
2560;570;sea;0;0;Damstadt to Mainz
569;571;sea;0;0;Mannheim to Kaiserslautern
586;571;sea;0;0;Karlsruhe to Kaiserslautern
586;409;sea;0;0;Karlsruhe to Strasbourg
587;409;sea;0;0;Freiburg to Starsbourg
587;410;sea;0;0;Freiburg to Colmar
587;604;sea;0;0;Freiburg to Basel
587;603;sea;0;0;Freiburg to Zurich
588;603;sea;0;0;Konstanz to Zurich
418;415;sea;0;0;Caen to Rouen
416;415;sea;0;0;Evreux to Rouen
416;2570;sea;0;0;Evreux to Beauvais
425;2570;sea;0;0;Paris to Beauvais
427;425;sea;0;0;Melun to Paris
406;408;sea;0;0;Troyes to Chalons
406;407;sea;0;0;Troyes to Chaumont
406;427;sea;0;0;Troyes to Melun
429;407;sea;0;0;Auxerre to Chaumont
467;461;sea;0;0;Marseilles to Montpellier
467;468;sea;0;0;Marseilles to Avignon
468;469;sea;0;0;Avignon to Digne
531;528;sea;0;0;Stade to Hamburg
532;528;sea;0;0;Luneburg to Hamburg
532;529;sea;0;0;Luneburg to Laeunberg
532;544;sea;0;0;Luneburg to Schwerin
532;551;sea;0;0;Luneburg to Pritzwalk
557;551;sea;0;0;Stendal to Pritzwalk
557;549;sea;0;0;Stendal to Berlin
553;549;sea;0;0;Magdeburg to Berlin
555;549;sea;0;0;Dessau to Berlin
556;552;sea;0;0;Halle to Cottbus
558;559;sea;0;0;Dresden to Leipzig
628;627;sea;0;0;Aussig to Karlsbad
685;2584;sea;0;0;Kattowitz to Bielsko
703;716;sea;0;0;Krakow to Kielce
716;714;sea;0;0;Kielce to Tarnow
716;705;sea;0;0;Kielce to Przemysl
713;705;sea;0;0;Radom to Przemysl
713;715;sea;0;0;Radom to Lublin
713;711;sea;0;0;Radom to Siedlice
706;711;sea;0;0;Warsaw to Siedlice
706;708;sea;0;0;Warsaw to Plock
710;708;sea;0;0;Skiernie to Plock
700;694;sea;0;0;Bromberg to Torun
691;694;sea;0;0;Tuchel to Torun
691;693;sea;0;0;Tuchel to Elbing
690;693;sea;0;0;Danzig to Elbing
965;970;sea;0;0;Cherson to Nikolaev
973;970;sea;0;0;Melitopol to Nikolaev
973;971;sea;0;0;Melitopol to Krivoy Rog
973;972;sea;0;0;Melitopol to Ekater
631;688;sea;0;0;Brno to Troppau
974;972;sea;0;0;Kramatorsk to Ekater
963;972;sea;0;0;Poltava to Ekater
963;971;sea;0;0;Poltava to Krivoy Rog
963;961;sea;0;0;Poltava to Cherkassy
962;961;sea;0;0;Chernigov to Cherkassy
962;958;sea;0;0;Chernigov to Kiev
962;959;sea;0;0;Chernigov to Korosten
962;942;sea;0;0;Chernigov to Mozyr
949;942;sea;0;0;Gomel to Mozyr
949;948;sea;0;0;Gomel to Mogilev
944;948;sea;0;0;Orsha to Mogilev
944;945;sea;0;0;Orsha to Vitebsk
943;999;sea;0;0;Smolensk to Rzhev
354;357;sea;0;0;Riga to Jelgava
355;357;sea;0;0;Valmiera to Jelgava
356;363;sea;0;0;Daugavipls to Panevezys
356;357;sea;0;0;Daugavipls to Jelgava
356;360;sea;0;0;Daugavipls to Vilnius
356;947;sea;0;0;Daugavipls to Pastavy
1007;947;sea;0;0;Luki to Pastavy
1007;946;sea;0;0;Luki to Polotsk
1007;945;sea;0;0;Luki to Vitebsk
1007;999;sea;0;0;Luki to Rzhev
1000;999;sea;0;0;Staritsa to Rzhev
1000;1009;sea;0;0;Staritsa to Borodino
1000;1014;sea;0;0;Staritsa to Vyazma
998;1009;sea;0;0;Tver to Borodino
998;1013;sea;0;0;Tver to Vladimir
1030;1032;sea;0;0;Kazan to Chistopol
998;1001;sea;0;0;Tver to Yaroslavl
989;1001;sea;0;0;Vologda to Yaroslavl
989;1023;sea;0;0;Vologda to Kostorma
1023;1022;sea;0;0;Kostorma to Ivanovo
1022;1027;sea;0;0;Ivanovo to Vetluga
1020;1027;sea;0;0;Nizhni to Vetluga
1033;1034;sea;0;0;Simbirsk to Samara
1035;1034;sea;0;0;Syzran to Samara
1035;1043;sea;0;0;Syzran to Busuluk
1037;1043;sea;0;0;Saratov to Busuluk
1037;1038;sea;0;0;Saratov to Novo Uzensk
1039;1040;sea;0;0;Tsaritsyn to Zarevka
1040;1041;sea;0;0;Zarevka to Elitsa
1041;1036;sea;0;0;Elitsa to Astrakhan
452;453;sea;0;0;Etienne to Valence
448;453;sea;0;0;Clermont to Valence
453;454;sea;0;0;Valence to Grenoble
452;431;sea;0;0;Etienne to Macon
430;431;sea;0;0;Moulins to Macon
430;428;sea;0;0;Moulins to Dijon
428;439;sea;0;0;Dijon to Bourges
429;439;sea;0;0;Auxerre to Bourges
438;427;sea;0;0;Orleans to Melun
438;439;sea;0;0;Orleans to Bourges
438;440;sea;0;0;Orleans to Blois
426;440;sea;0;0;Chartres to Blois
440;436;sea;0;0;Blois to Le Mans
441;436;sea;0;0;Tours to Le Mans
434;436;sea;0;0;Angers to Le Mans
434;435;sea;0;0;Angers to Laval
423;437;sea;0;0;Nantes to La Roche
423;434;sea;0;0;Nantes to Angers
547;546;sea;0;0;Swinemunde to Stettin
550;546;sea;0;0;Prenzlau to Stettin
550;681;sea;0;0;Prenzlau to Kustrin
552;681;sea;0;0;Cottbus to Kustrin
681;682;sea;0;0;Breslau to Kustrin
682;684;sea;0;0;Breslau to Oppeln
688;685;sea;0;0;Troppau to Kattowitz
688;689;sea;0;0;Troppau to Tesin
#Nile River
2021;1997;sea;0;0;Masindi to Mungbane
2021;1998;sea;0;0;Masindi to Baramo
1998;1846;sea;0;0;Baramo to Lado
1846;1845;sea;0;0;Lado to Yambio
1844;1845;sea;0;0;Bor to Yambio
1844;1843;sea;0;0;Bor to Waw
1844;1840;sea;0;0;Bor to Kaduqli
1844;1832;sea;0;0;Bor to Fashoda
1831;1832;sea;0;0;Rabak to Fashoda
1832;1840;sea;0;0;Fashoda to Kaduqli
1830;1831;sea;0;0;Sennar to Rabak
1830;1829;sea;0;0;Sennar to Kassala
1830;1854;sea;0;0;Sennar to Matamma
1863;1854;sea;0;0;Asosa to Matamma
1863;1855;sea;0;0;Asosa to Debre Markos
1828;1831;sea;0;0;Wad Madani to Rabak
1828;1827;sea;0;0;Wad Madani to Khartoum
1828;1829;sea;0;0;Wad Madani to Kassala
1827;1829;sea;0;0;Khartoum to Kassala
1829;1837;sea;0;0;Kassala to Atbara
1836;1837;sea;0;0;Hayya to Atbara
1837;1835;sea;0;0;Atbara to Dongola
2564;1835;sea;0;0;Salima to Dongola
3274;1766;sea;0;0;Elephantine to Aswan
3274;1768;sea;0;0;Elephantine to Idfu
1767;1768;sea;0;0;Luxor to Idfu
1767;1769;sea;0;0;Luxor to Qina
1767;1764;sea;0;0;Luxor to Minya
1765;1764;sea;0;0;Fayyum to Minya
1765;1763;sea;0;0;Fayyum to Suwayf
1750;1763;sea;0;0;Giza to Suwayf
1750;1745;sea;0;0;Giza to Cairo
1750;1746;sea;0;0;Giza to Dumyat
1751;1746;sea;0;0;Alexandria to Dumyat
1745;1748;sea;0;0;Cairo to Mansura
1748;1746;sea;0;0;Mansura to Dumyat
1748;1749;sea;0;0;Mansura to Ziqaziq
1748;1755;sea;0;0;Mansura to Suez
#Tigris and Euphrates
1132;935;sea;0;0;Abadan to Kuwait
928;935;sea;0;0;Mendeli to Kuwait
935;930;sea;0;0;Kuwait to Kut
930;934;sea;0;0;Kut to Najaf
930;928;sea;0;0;Kut to Mendeli
929;930;sea;0;0;Karbala to Kut
929;926;sea;0;0;Karbala to Baghdad
926;928;sea;0;0;Baghdad to Mendeli
926;925;sea;0;0;Baghdad to Kirkuk
926;924;sea;0;0;Baghdad to Arbil
926;931;sea;0;0;Baghdad to Rutbah
931;923;sea;0;0;Rutbah to Mosul
923;924;sea;0;0;Mosul to Arbil
907;901;sea;0;0;Palmyra to Dayr
897;901;sea;0;0;Aleppo to Dayr
898;901;sea;0;0;Antep to Dayr
898;899;sea;0;0;Antep to Urfa
889;899;sea;0;0;Malatya to Urfa
889;893;sea;0;0;Malatya to Diyarbakir
889;888;sea;0;0;Malatya to Erzincan
#Indus River
1288;1293;sea;0;0;Karachi to Mandvi
1288;1290;sea;0;0;Karachi to Umarkot
1221;1290;sea;0;0;Kalat to Umarkot
1221;1289;sea;0;0;Kalat to Sukkur
1219;1231;sea;0;0;Quetta to Bahawalpur
1219;1228;sea;0;0;Quetta to Multan
1219;1232;sea;0;0;Quetta to Shahpur
1218;1232;sea;0;0;Peshawar to Shahpur
1218;1230;sea;0;0;Peshawar to Attock
1223;1224;sea;0;0;Chitral to Srinagar
1225;1224;sea;0;0;Gilgit to Srinagar
1226;1224;sea;0;0;Leh to Srinagar
1226;1235;sea;0;0;Leh to Simla
#Ganges River
1256;1257;sea;0;0;Jessore to Chittagong
1256;1254;sea;0;0;Jessore to Dacca
1256;1255;sea;0;0;Jessore to Rajshahi 
1253;1255;sea;0;0;Bardwan to Rajshahi
1253;1252;sea;0;0;Bardwan to Darjeeling
1253;1250;sea;0;0;Bardwan to Bhagalpur
1248;1250;sea;0;0;Gaya to Bhagalpur
1248;1247;sea;0;0;Gaya to Patna
1248;1246;sea;0;0;Gaya to Gorakhpur
1245;1246;sea;0;0;Benares to Gorakhpur
1243;1244;sea;0;0;Allahabad to Fyzabad
1243;1242;sea;0;0;Allahabad to Lucknow
1241;1242;sea;0;0;Cawnpore to Lucknow
1240;1242;sea;0;0;Agra to Lucknow
1240;1239;sea;0;0;Agra to Meerut
1236;1239;sea;0;0;Delhi to Meerut
1253;1256;sea;0;0;Bardwan to Jessore
1251;1256;sea;0;0;Calcutta to Jessore
#Mekong River
1383;1380;sea;0;0;Vinhlong to Saigon
1382;1380;sea;0;0;Hatien to Saigon
1382;1368;sea;0;0;Hatien to Stongtreng
1367;1368;sea;0;0;Kampot to Stongtreng
1364;1368;sea;0;0;Phnom Penh to Stongtreng
1366;1363;sea;0;0;Battambang to Pakse
1359;1363;sea;0;0;Sisaket to Pakse
1359;1362;sea;0;0;Sisaket to Salavan
1359;1361;sea;0;0;Sisaket to Savannakhet
1358;1361;sea;0;0;Udon Thani to Savannakhet
1358;1357;sea;0;0;Udon Thani to Viantiane
1360;1357;sea;0;0;Xiangabouli to Viantiane
1360;1356;sea;0;0;Xiangabouli to Luang Prabang
2572;1356;sea;0;0;Nan to Luang Prabang
1338;1356;sea;0;0;Taunggyi to Luang Prabang
1338;1603;sea;0;0;Taunggyi to Puer
#Pearl River
1498;1493;sea;0;0;Macao to Canton
1501;1493;sea;0;0;Zhaoqing to Canton
1501;1504;sea;0;0;Zhaoqing to Pingle
1495;1504;sea;0;0;Zhanjiang to Pingle
1502;1503;sea;0;0;Nanning to Guilin
1502;1505;sea;0;0;Nanning to Guiyang
#Yangtze River
1540;1538;sea;0;0;Taicangzhou to Shanghai
1540;1539;sea;0;0;Taicangzhou to Suzhou
1541;1539;sea;0;0;Tongzhou to Suzhou
1541;1537;sea;0;0;Tongzhou to Changzhou
1541;1544;sea;0;0;Tongzhou to Zhenjiang
1543;1544;sea;0;0;Yangzhou to Zhenjiang
1543;2221;sea;0;0;Yangzhou to Nanjing
1477;2221;sea;0;0;Taiping to Nanjing
1474;2221;sea;0;0;Luzhou to Nanjing
1474;1471;sea;0;0;Luzhou to Chizhou
1470;1471;sea;0;0;Anqing to Chizhou
1470;1549;sea;0;0;Anqing to Jiujiang
1518;1549;sea;0;0;Huangzhou to Jiujiang
1518;1522;sea;0;0;Huangzhou to Wuchang
1516;1522;sea;0;0;Hanyang to Wuchang
1516;1528;sea;0;0;Hanyang to Yuezhou
1520;1528;sea;0;0;Jingzhou to Yuezhou
1520;1525;sea;0;0;Jingzhou to Changde
1520;1521;sea;0;0;Jingzhou to Shinan
1581;1521;sea;0;0;Kukzhou to Shinan
1583;1577;sea;0;0;Shunqing to Chongqing
1585;1505;sea;0;0;Yibin to Guiyang
1585;1601;sea;0;0;Yibin to Kunming
#Yellow River
1567;1570;sea;0;0;Qingzhou to Wuding
1567;1563;sea;0;0;Qingzhou to Jinan
1568;1563;sea;0;0;Taian to Jinan
1564;1614;sea;0;0;Caozhou to Daming
1508;1515;sea;0;0;Kaifeng to Weihui
1508;1511;sea;0;0;Kaefeng to Zhengzhou
1510;1511;sea;0;0;Luoyang to Zhengzhou
1510;1575;sea;0;0;Luoyang to Pingyang
2062;1575;sea;0;0;Shangzhou to Pingyang
1561;1575;sea;0;0;Yenan to Pingyang
1561;1573;sea;0;0;Yenan to Fenzhou
1561;1572;sea;0;0;Yenan to Taiyuan 
3282;1532;sea;0;0;Dornogovi to Guihua
3282;1535;sea;0;0;Dornogovi to Yeke Juu
1491;1535;sea;0;0;Ningxia to Yeke Juu
1491;1490;sea;0;0;Ningxia to Lanzhou
1489;1490;sea;0;0;Gongchang to Lanzhou
1489;1557;sea;0;0;Gongchang to Balekungomi
1582;1557;sea;0;0;Longang to Balekungomi
1586;1557;sea;0;0;Yazhou to Balekungomi
1558;1557;sea;0;0;Kegudo to Balekungomi
#Liao River
1479;1480;sea;0;0;Mukdin to Jinzhou
1533;1480;sea;0;0;Jirim to Jinzhou
1533;1613;sea;0;0;Jirim to Chengde
1534;1613;sea;0;0;Ulaan Chab to Chengde
#Amur River
1083;1084;sea;0;0;Boli to Utchan
1083;2617;sea;0;0;Boli to Oula
1554;2617;sea;0;0;Ninguta to Oula
1085;1553;sea;0;0;Ulusamudan to Aigun
1081;1553;sea;0;0;Yaksa to Aigun
1079;1553;sea;0;0;Nerchinsk to Aigun
1079;1002;sea;0;0;Nerchinsk to Manzhouli
#Amnok and Duman River
1622;1082;sea;0;0;Chongjin to Haishenwai
1622;1554;sea;0;0;Chongjin to Ninguta
1622;1555;sea;0;0;Chongjin to Jilin
1623;1555;sea;0;0;Kimchaek to Jilin
1620;1555;sea;0;0;Chonchon to Jilin
1620;1479;sea;0;0;Chonchon to Mukden
#Mississippi River System
139;140;sea;0;0;New Orleans to Baton Rouge
141;140;sea;0;0;Lake Charles to Baton Rouge
142;192;sea;0;0;Shreveport to Jackson
142;193;sea;0;0;Shreveport to Vicksburg
143;193;sea;0;0;Little Rock to Vicksburg
143;189;sea;0;0;Little Rock to Memphis
148;189;sea;0;0;Malden to Memphis
148;187;sea;0;0;Malden to Paducah
148;168;sea;0;0;Malden to Carbondale
148;167;sea;0;0;Malden to Springfield
146;167;sea;0;0;StLouis to Springfield
146;166;sea;0;0;StLouis to Peoria
152;166;sea;0;0;Oskaloosa to Peoria
153;166;sea;0;0;Cedar Rapids to Peoria
153;164;sea;0;0;Cedar Rapids to Rockford
153;162;sea;0;0;Cedar Rapids to Madison
155;162;sea;0;0;Minneapolis to Madison
155;160;sea;0;0;Mineapolis to Eau Claire
187;168;sea;0;0;Paducah to Carbondale
168;184;sea;0;0;Carbondale to Louisville
170;184;sea;0;0;Evansville to Louisville
170;185;sea;0;0;Evansville to Lexington
182;185;sea;0;0;Cincinnati to Lexington
183;185;sea;0;0;Marietta to Lexington
183;218;sea;0;0;Marietta to Huntington
183;217;sea;0;0;Marietta to Wheeling
178;217;sea;0;0;Cleveland to Wheeling
166;167;sea;0;0;Peoria to Springfield
166;165;sea;0;0;Peoria to Champaign
164;165;sea;0;0;Rockford to Champaign
146;150;sea;0;0;StLouis to Kansas City
149;150;sea;0;0;Jefferson City to Kansas City
126;150;sea;0;0;Topeka to Kansas City
125;150;sea;0;0;North Platte to Kansas City
125;151;sea;0;0;North Platte to Des Moines
123;151;sea;0;0;Omaha to Des Moines
123;154;sea;0;0;Omaha to Sioux City
123;120;sea;0;0;Omaha to Sioux Falls
122;120;sea;0;0;Rapid City to Sioux Falls
121;120;sea;0;0;Dupree to Sioux Falls
119;117;sea;0;0;Dickinson to Bismarck
119;118;sea;0;0;Dickinson to Minot
139;141;sea;0;0;New Orleans to Lake Charles
141;142;sea;0;0;Lake Charles to Shreveport
132;142;sea;0;0;Houston to Shreveport
132;144;sea;0;0;Houston to Hot Springs
132;131;sea;0;0;Houston to Okmulgee
134;131;sea;0;0;Dallas to Okmulgee
134;129;sea;0;0;Dallas to Oklahoma City
139;142;sea;0;0;New Orleans to Shreveport
144;193;sea;0;0;Hot Springs to Vicksburg
144;143;sea;0;0;Hot Springs to Little Rock
144;145;sea;0;0;Hot Springs to Fayetteville
131;130;sea;0;0;Okmulgee to Tahlequah
129;130;sea;0;0;Oklahoma City to Tahlequah
#St. Lawrence River
239;56;sea;0;0;Watertown to Kingston
56;66;sea;0;0;Kingston to Sherbrooke
58;66;sea;0;0;Montreal to Sherbrooke
64;66;sea;0;0;Troies to Sherbrooke
65;66;sea;0;0;Quebec City to Sherbrooke
65;67;sea;0;0;Quebec City to Rimouski
#Rio Grande
138;2149;sea;0;0;Laredo to Matamoros
138;2148;sea;0;0;Laredo to Reynosa
138;2147;sea;0;0;Laredo to Morelos
136;2147;sea;0;0;El Paso to Morelos
136;2144;sea;0;0;El Paso to Delicias
136;2143;sea;0;0;El Paso to Paso del Norte
105;104;sea;0;0;Los Cruces to Albuqurque
103;104;sea;0;0;Santa Fe to Albuqurque
#Amazon River
2415;2410;sea;0;0;Macapa to Belem
2412;2410;sea;0;0;Obidos to Belem
2412;2411;sea;0;0;Obidos to Santarem
2402;2405;sea;0;0;Manaus to Borba
2402;2404;sea;0;0;Manaus to Tefe
2403;2404;sea;0;0;Cachoeira to Tefe
2403;2407;sea;0;0;Cachoeira to Tabatinga
2401;2407;sea;0;0;Marabitanas to Tabatinga
2263;2286;sea;0;0;El Encanto to Iquitos
2289;2286;sea;0;0;Puca Urco to Iquitos
2288;2286;sea;0;0;Yuncos to Iquitos
2404;2405;sea;0;0;Tefe to Borba
2404;2550;sea;0;0;Tefe to Forte de Principe
2321;2550;sea;0;0;Cobija to Forte de Principe
2321;2320;sea;0;0;Cobija to Riberalta
2321;2319;sea;0;0;Cobija to Santa Ana
2310;2319;sea;0;0;La Paz to Santa Ana
2310;2311;sea;0;0;La Paz to Cochabamba
#Orinoco River
2276;2275;sea;0;0;Curiapo to Angostura 
2276;2243;sea;0;0;Curiago to Essequibo
2266;2275;sea;0;0;Calabozo to Angostura
2266;2277;sea;0;0;Calabozo to El Jobal
2274;2277;sea;0;0;Barinas to El Jobal
2262;2277;sea;0;0;Casanare to El Jobal
2261;2277;sea;0;0;Obando to El Jobal
2278;2277;sea;0;0;San Fernando to El Jobal
#Uruguay River
2360;2345;sea;0;0;Parana to Paysandu
2359;2345;sea;0;0;Colon to Paysandu
2357;2346;sea;0;0;Curuzu Cuatia to Tacuarembo
2357;2467;sea;0;0;Curuzu Cuatia to Alegrete
2358;2467;sea;0;0;Santo Tomas to Alegrete
2358;2466;sea;0;0;Santo Tomas to Santa Maria
2358;2465;sea;0;0;Santo Tomas to Passo Fundo
2554;2465;sea;0;0;Posadas to Passo Fundo
2462;2465;sea;0;0;Sao Miguel to Passo Fundo
2459;2465;sea;0;0;Lajes to Passo Fundo
2459;2463;sea;0;0;Lajes to Porto Alegre
#Paraguay River System
2360;2348;sea;0;0;Parana to Buenos Aires
2360;2349;sea;0;0;Parana to Junin
2360;2363;sea;0;0;Parana to Rosario
2360;2361;sea;0;0;Parana to Sancti Spiritu
2359;2361;sea;0;0;Colon to Sancti Spiritu
2357;2361;sea;0;0;Curuzu Cuatia to Sancti Spiritu
2357;2362;sea;0;0;Curuzu Cuatia to Reconquista
2356;2362;sea;0;0;Corrientes to Reconquista
2356;2364;sea;0;0;Corrientes to Resistencia
2340;2364;sea;0;0;Pilar to Resistencia
2340;2366;sea;0;0;Pilar to Formosa
2339;2366;sea;0;0;Asuncion to Formosa
2339;2337;sea;0;0;Asuncion to Fortin Falcun
2342;2337;sea;0;0;San Pedro to Fortin Falcun
2343;2337;sea;0;0;Concepcion to Fortin Falcun
2343;2338;sea;0;0;Concepcion to Puerto Guarani
2420;2338;sea;0;0;Iguatemi to Puerto Guarani
2416;2338;sea;0;0;Dourados to Puerto Guarani
2419;2338;sea;0;0;Corumba to Puerto Guarani
2419;2318;sea;0;0;Corumba to Robore
2366;2337;sea;0;0;Formosa to Fortin Falcon
2367;2337;sea;0;0;Xolotas to Fortin Falcon
2372;2337;sea;0;0;Rivadavia to Fortin Falcon
#Ebro River
501;504;sea;0;0;Tarragona to Castellon
3295;495;sea;0;0;Lleida to Zaragoza
493;494;sea;0;0;Pamplona to Logrono
3295;504;sea;0;0;Lleida to Castellon
3295;494;sea;0;0;Lleida to Logrono
#Congo River
2001;1983;sea;0;0;Mbanza to Boma
1982;1983;sea;0;0;Kinshasa to Boma
1982;1977;sea;0;0;Kinshasa to Nkuna
1993;1977;sea;0;0;Irebu to Nkuna
1993;1980;sea;0;0;Irebu to Djambala
1993;1981;sea;0;0;Irebu to Impfondo
1995;1995;sea;0;0;Irebu to Gemena
1992;1995;sea;0;0;Basoko to Gemena
1992;1996;sea;0;0;Basoko to Kisangani
#Niger River
1932;1931;sea;0;0;Bonny to Warri
1931;1933;sea;0;0;Warri to Awka
1931;1928;sea;0;0;Warri to Benin
1928;1933;sea;0;0;Benin to Awka
1928;1930;sea;0;0;Benin to Lokoja
1929;1930;sea;0;0;Akure to Lokoja
1929;1941;sea;0;0;Akure to Abuja
1929;1940;sea;0;0;Akure to Bida
1927;1940;sea;0;0;Ilorin to Bida
1938;1940;sea;0;0;Bussa to Bida
1938;1946;sea;0;0;Bussa to Kebbi
1921;1810;sea;0;0;Nikki to Dosso
1810;1809;sea;0;0;Dosso to Say
1808;1809;sea;0;0;Niamey to Say
1807;1805;sea;0;0;Tessalit to Gao
1803;1805;sea;0;0;Timbuktu to Gao
1803;1804;sea;0;0;Timbuktu to Bandiagara
1802;1804;sea;0;0;Jenne to Bandiagara
1802;1799;sea;0;0;Jenne to Sikasso
1800;1799;sea;0;0;Segu to Sikasso
1794;1798;sea;0;0;Bougouni to Bamako
1881;1798;sea;0;0;Dinguiraye to Bougouni
