;;;;;;;;;;;;;;x,,,
UNIT_BUILD_TIME_IW;$VAL$ days.;$VAL$ jours.;$VAL$ Tage.;;$VAL$ dYas.;;;;;;;;;x;
war_reparations;Reparations;;;;;;;;;;;;;;;;;;;;;;;;;;;;;x,,;;;;;;;;;;;;;;;;;;;;;
war_reparations_desc;Demands war reparations;;;;;;;;;;;;;;;;;;;;;;;;;;;;;x,,;;;;;;;;;;;;;;;;;;;;;
war_reparations_short;Demand Reparations;;;;;;;;;;;;;;;;;;;;;;;;;;;;;x,,;;;;;;;;;;;;;;;;;;;;;
war_reparations_setup;Demands war reparations from the taget country;;;;;;;;;;;;;;;;;;;;;;;;;;;;;x,,;;;;;;;;;;;;;;;;;;;;;
tanzimat_reform;Tanzimat Reforms;;;;;;;;;;;;;x,,,,,,,,,,,,,,,,,,,,,,
tanzimat_reform_desc;We have enacted the Tanzimat reforms.;;;;;;;;;;;;;x,,,,,,,,,,,,,,,,,,,,,,
separatist_rebels_title;Patriot;;;;;;;;;;;;;
separatist_rebels_name;$CULTURE$ Patriots;;;;;;;;;;;;;
separatist_rebels_desc;Patriot rebels dream of unification with their cultural kin under a free banner, and any province they gain control of will eventually defect to a neighboring country of their culture.;;;;;;;;;;;;;
separatist_rebels_army;$CULTURE$ Patriots;;;;;;;;;;;;;
EVTNAME800151;$COUNTRY_ADJ$ Patriots;;;;;;;;;;;;x,,,,,,,,,,,,,,,,,,,,,,;;;;;;;;;;;;;;;;;;;;;;;;;;;;;;;;;;;;;;
EVTDESC97700;$COUNTRY_ADJ$ patriots have risen up in $FROMCOUNTRY$, and have gained control of the capital. They send word they wish to bring all our lost provinces back to $COUNTRY_ADJ$ control. Agreeing would mean risking war, but refusing would mean angering our people.;;;;;;;;;;;;x,,,,,,,,,,,,,,,,,,,,;;;;;;;;;;;;;;;;;;;;;;;;;;;;;;;;;;;;;;
EVT97700OPTA;We welcome their return.;;;;;;;;;;;;x,,,,,,,,,,,,,,,,,,,,;;;;;;;;;;;;;;;;;;;;;;;;;;;;;;;;;;;;;;
EVT97700OPTB;It is too risky.;;;;;;;;;;;;x,,,,,,,,,,,,,,,,,,,,;;;;;;;;;;;;;;;;;;;;;;;;;;;;;;;;;;;;;;
EVTDESC800151;$COUNTRY_ADJ$ patriots have risen up in a neighboring country, and have gained sufficient control that they have sent word they wish to bring the province back to $COUNTRY$. Agreeing would mean risking war, but refusing would mean angering our people.;;;;;;;;;;;;x,,,,,,,,,,,,,,,,,,,,;;;;;;;;;;;;;;;;;;;;;;;;;;;;;;;;;;;;;;
EVTNAME800152;Provinces Brought Under Control;;;;;;;;;;;;x,,,,,,,,,,,,,,,,,,,,,,;;;;;;;;;;;;;;;;;;;;;;;;;;;;;;;;;;;;;;
EVTDESC800152;With the patriot rebellion now over, our provinces have now been brought under control and $COUNTRY_ADJ$ governors are once again in command.;;;;;;;;;;;;x,,,,,,,,,,,,,,,,,,,,,;;;;;;;;;;;;;;;;;;;;;;;;;;;;;;;;;;;;;;
EVT800152OPTA;That is a relief.;;;;;;;;;;;;x,,,,,,,,,,,,,,,,,,,,,;;;;;;;;;;;;;;;;;;;;;;;;;;;;;;;;;;;;;;
patriot_uprising;Patriot Uprising;;;;;;;;;;;;x,,,,
patriot_uprising_desc;Foreign patriots have taken control of the province.;;;;;;;;;;;;x,,,,
chinese_treaty_port;Chinese Treaty Port;;;;;;;;;;;;;;;;;;;;;;;x;;;;;;;;;;;;;;;;;
chinese_treaty_port_desc;We negotiated a treaty with the Chinese and acquired the rights over a Chinese port and city.;;;;;;;;;;;;;;;;;;;;;;;x;;;;;;;;;;;;;;;;;
negotiating_unequal_treaty;Unequal Treaty;;;;;;;;;;;;;;;;;;;;;;;x;;;;;;;;;;;;;;;;;
negotiating_unequal_treaty_desc;We have lost a war and like vultures, the westerners descended upon us imposing their conditions including the opening of our country, monetary reparations and even the secession of territory.;;;;;;;;;;;;;;;;;;;;;;;x;;;;;;;;;;;;;;;;;
negotiating_treaty;Negotiating Treaty;;;;;;;;;;;;;;;;;;;;;;;x;;;;;;;;;;;;;;;;;
negotiating_treaty_desc;Our diplomats are negotiating a treaty with a defeated nation.;;;;;;;;;;;;;;;;;;;;;;;x;;;;;;;;;;;;;;;;;
ningbo_treaty_port_title;The Ningbo Treaty Port;;;;;;;;;;;;x,,,,,,,,,,,,,,,,,,,,,;;;;;;;;;;;;;;;;;;;;;;;;;;;;;;
ningbo_treaty_port_desc;Ningbo is one of China's oldest cities, with a history dating to the Hemudu culture in 4800 BC. Ningbo was known as a trade city on the silk road at least two thousand years ago, and then as a major port, along with Yangzhou and Guangzhou in the Tang Dynasty, thereafter, the major ports for foreign trade in the Song Dynasty. A walled city sandwiched between the ocean and low-lying mountains to the southwest, with coastal plain and valleys in between, it plays an important role in controlling the important peninsulas of Chuanshan and Xiangshan Peninsula. During the Ming and Qing Dynasties, the textile industry flourished in Ningbo.;;;;;;;;;;;;x,,,,,,,,,,,,,,,,,,,,,;;;;;;;;;;;;;;;;;;;;;;;;;;;;;;
hainan_treaty_port_title;The Hainan Treaty Port;;;;;;;;;;;;x,,,,,,,,,,,,,,,,,,,,,;;;;;;;;;;;;;;;;;;;;;;;;;;;;;;
hainan_treaty_port_desc;The city of Zhuya (Shore of Pearls), name for the famous pearl fisheries of the region, now known as Qiongshan is an important stop to Shanghai and Formosa. Controlling it would give control over all of Hainan and would make an important coaling station.;;;;;;;;;;;;x,,,,,,,,,,,,,,,,,,,,,;;;;;;;;;;;;;;;;;;;;;;;;;;;;;;
taipei_treaty_port_title;The Taiwan Concession;;;;;;;;;;;;x,,,,,,,,,,,,,,,,,,,,,;;;;;;;;;;;;;;;;;;;;;;;;;;;;;;
taipei_treaty_port_desc;The Taipei area is where the major Han Chinese settlements in northern Taiwan and one of the designated overseas trade ports, Tamsui, are located. The area gained economic importance due to the booming overseas trade, especially that of tea export. Controlling it would mean controlling Taiwan and a good amount of the tea trade.;;;;;;;;;;;;x,,,,,,,,,,,,,,,,,,,,,;;;;;;;;;;;;;;;;;;;;;;;;;;;;;;
jiaxing_treaty_port_title;The Jiaxing Treaty Port;;;;;;;;;;;;;x,,,,,,,,,,,,,,,,,,,,,;;;;;;;;;;;;;;;;;;;;;;;;;;;;;
jiaxing_treaty_port_desc;Jiaxing is well known as the 'hometown of silk' and it's a famous producer of textiles and woolens. While not being as important as neighboring Shanghai, its acquisition would surely help our textile industry.;;;;;;;;;;;;;x,,,,,,,,,,,,,,,,,,,,,;;;;;;;;;;;;;;;;;;;;;;;;;;;;;
weihaiwei_treaty_port_title;The Weihaiwei Treaty Port;;;;;;;;;;;;;x,,,,,,,,,,,,,,,,,,,,,;;;;;;;;;;;;;;;;;;;;;;;;;;;;;
weihaiwei_treaty_port_desc;The port of Weihaiwei serves as the base for the Beiyang Fleet (Northern Seas Fleet) for the Qing Dynasty. Along with LRshun, it provides a strategic point for the control of the Korea Bay and the Bohai Gulf. Controlling it would put our fleets at the door of the imperial capital of China.;;;;;;;;;;;;;x,,,,,,,,,,,,,,,,,,,,,;;;;;;;;;;;;;;;;;;;;;;;;;;;;;
lushun_treaty_port_title;The LRshun Treaty Port;;;;;;;;;;;;;x,,,,,,,,,,,,,,,,,,,,,;;;;;;;;;;;;;;;;;;;;;;;;;;;;;
lushun_treaty_port_desc;Sprawling around the narrowest neck of the Liaodong Peninsula, occupying the Southern Tip, LRshun, also known as Port Arthur, is in a crucial point. It guards the entrance the Imperial Capital of China and the Bohai Sea. Controlling it would provide a strategical hold on the Bohai Gulf and the Korean Bay.;;;;;;;;;;;;;x,,,,,,,,,,,,,,,,,,,,,;;;;;;;;;;;;;;;;;;;;;;;;;;;;;
qingdao_treaty_port_title;The Qingdao Treaty Port;;;;;;;;;;;;;x,,,,,,,,,,,,,,,,,,,,,;;;;;;;;;;;;;;;;;;;;;;;;;;;;;
qingdao_treaty_port_desc;Qingdao is a sleepy fishing town undergoing dramatic changes - a naval station and garrisons were built by the rulers of the Qing dynasty and the increasing presence of western ships is increasing its importance. It would be an splendid gateway to northern China.;;;;;;;;;;;;;x,,,,,,,,,,,,,,,,,,,,,;;;;;;;;;;;;;;;;;;;;;;;;;;;;;
shanghai_treaty_port_title;The Shanghai Treaty Port;;;;;;;;;;;;;x,,,,,,,,,,,,,,,,,,,,,;;;;;;;;;;;;;;;;;;;;;;;;;;;;;
shanghai_treaty_port_desc;For centuries a major administrative, shipping, and trading town, Shanghai grew in importance in the 19th century due to European recognition of its favorable port location and economic potential. This potential can be fully realized under $COUNTRY_ADJ$ administration.;;;;;;;;;;;;;x,,,,,,,,,,,,,,,,,,,,,;;;;;;;;;;;;;;;;;;;;;;;;;;;;;
hong_kong_treaty_port_title;The Hong Kong Treaty Port;;;;;;;;;;;;;x,,,,,,,,,,,,,,,,,,,,,;;;;;;;;;;;;;;;;;;;;;;;;;;;;;
hong_kong_treaty_port_desc;China is the main supplier of its native tea to Europe, whose annual domestic consumption reached 30,046,935 pounds (13,629,060 kg) in 1830, an average of 1.036 pounds (0.470 kg) per head of population. From the $COUNTRY_ADJ$ economic standpoint, Chinese tea was a crucial item since it provides massive wealth for the taipans S foreign (especially $COUNTRY_ADJ$) businessmen in China S while the duty on tea accounted for 10% of the government's income. With a base in Hong Kong our tea and opium trade will profit immensely and the city will, without a doubt, bring us a lot of profit.;;;;;;;;;;;;;x,,,,,,,,,,,,,,,,,,,,,;;;;;;;;;;;;;;;;;;;;;;;;;;;;;
macao_treaty_port_title;The Macao Treaty Port;;;;;;;;;;;;;x,,,,,,,,,,,,,,,,,,,,,;;;;;;;;;;;;;;;;;;;;;;;;;;;;;
macao_treaty_port_desc;Macao lies on the western side of the Pearl River Delta across from Hong Kong. If we are to access the riches of Guangdong and the south of China, controlling Macao would be a good start.;;;;;;;;;;;;;x,,,,,,,,,,,,,,,,,,,,,;;;;;;;;;;;;;;;;;;;;;;;;;;;;;
EVTNAME90954;The $PROVINCENAME$ Treaty Port;;;;;;;;;;;;;;;;;;;;;;;;;;;x,,,,,,,,,,,,,;;;;;;;;;;;;;;;;;;;;;;;
EVTDESC90954;In this part are the ten main markets, though besides these there are a vast number of others in the different parts of town. They are all squares of half a mile to the side, and along their front passes the main street, which is 40 paces in width, and runs straight from end to end of the city, crossing many bridges. At every four miles of its length comes one of those great squares of two miles in compass. In each of the squares is held a market three days a week, frequented by 40,000 or 50,000 persons, who bring there for sale every possible necessity of life. All the ten market places are encompassed by lofty houses, and below these shops is where all sorts of crafts are carried on, and all sorts of wares are on sale, including spices, jewels and pearls. \n $PROVINCENAME$ is bustling with traders, merchants buy and sell opium, making fortunes, and traders from all over China come to trade, bringing  their servants and laborers to run shops or carry goods.;;;;;;;;;;;;;;;;;;;;;;;;;;;x,,,,,,,,,,,,,;;;;;;;;;;;;;;;;;;;;;;;
EVTOPTA90954;Excellent.;;;;;;;;;;;;;;;;;;;;;;;;;;;x,,,,,,,,,,,,,;;;;;;;;;;;;;;;;;;;;;;;
EVTDESC90955;With our administration of $PROVINCENAME$, we abolished opium trade and expelled the old foreign administration. As a result of these harsh policies, trade fell considerably and many Europeans vessels don't stop in $PROVINCENAME$ anymore.;;;;;;;;;;;;;;;;;;;;;;;;;;;x,,,,,,,,,,,,,;;;;;;;;;;;;;;;;;;;;;;;
EVTOPTA90955;We didn't need them anyway.;;;;;;;;;;;;;;;;;;;;;;;;;;;x,,,,,,,,,,,,,;;;;;;;;;;;;;;;;;;;;;;;
treaty_port;Treaty Port;;;;;;;;;;;;;;;;;;;;;;;x;;;;;;;;;;;;;;;;;
recently_demoted;Recently Fired Bureaucrats;;;;;;;;;;;;;;;;;;;;;;;x;;;;;;;;;;;;;;;;;
recently_demoted_desc;We have recently fired unaccepted bureaucrats to save on our administrative spending.;;;;;;;;;;;;;;;;;;;;;;;x;;;;;;;;;;;;;;;;;
demote_crats_title;Fire All Minority Bureaucrats;;;;;;;;;;;;;x
demote_crats_desc;Fire all minority bureaucrats and demote them to artisans, however this may affect our administrative effiency short-term.;;;;;;;;;;;;;x
EVTNAME199034;Grain Farms in $PROVINCENAME$;;;;;;;;;;;;x,,,,,,,,,,,,,,,,,,,,,,;;;;;;;;;;;;;;;;;;;;;;;;;;;;;;;;;;;;;;
EVTDESC199034;Unemployment among workers in $PROVINCENAME$ is high, but a possible bright spot is the emergence of several new grain farms. Local officials are suggesting that the $COUNTRY_ADJ$ support the farms and allow them to become $PROVINCENAME$'s new major industry.;;;;;;;;;;;;x,,,,,,,,,,,,,,,,,,,,,;;;;;;;;;;;;;;;;;;;;;;;;;;;;;;;;;;;;;;
EVT199034OPTA;We will encourage the grain farms.;;;;;;;;;;;;x,,,,,,,,,,,,,,,,,,,,,;;;;;;;;;;;;;;;;;;;;;;;;;;;;;;;;;;;;;;
EVT199034OPTB;No -- $PROVINCENAME$'s current production is too valuable.;;;;;;;;;;;;x,,,,,,,,,,,,,,,,,,,,,;;;;;;;;;;;;;;;;;;;;;;;;;;;;;;;;;;;;;;
EVT199022OPTA;They should get to work immediately.;;;;;;;;;;;;x,,,,,,,,,,,,,,,,,,,,,;;;;;;;;;;;;;;;;;;;;;;;;;;;;;;;;;;;;;;
EVT199033OPTA;We will encourage the ranches.;;;;;;;;;;;;x,,,,,,,,,,,,,,,,,,,,,;;;;;;;;;;;;;;;;;;;;;;;;;;;;;;;;;;;;;;
EVT199032OPTA;We will encourage the lumberjacks.;;;;;;;;;;;;x,,,,,,,,,,,,,,,,,,,,,;;;;;;;;;;;;;;;;;;;;;;;;;;;;;;;;;;;;;;
EVT199030OPTA;We will encourage the fisheries.;;;;;;;;;;;;x,,,,,,,,,,,,,,,,,,,,,;;;;;;;;;;;;;;;;;;;;;;;;;;;;;;;;;;;;;;
EVTNAME199005;Prospector Strikes Coal!;;;;;;;;;;;;x,,,,,,,,,,,,,,,,,,,,,,;;;;;;;;;;;;;;;;;;;;;;;;;;;;;;;;;;;;;;
EVTDESC199005;We have reports from $PROVINCENAME$ that a new vein of coal has been discovered, and considering the unemployment in $PROVINCENAME$ this might prove to be a boon indeed.;;;;;;;;;;;;x,,,,,,,,,,,,,,,,,,,,,;;;;;;;;;;;;;;;;;;;;;;;;;;;;;;;;;;;;;;
EVTNAME199007;Prospector Strikes Iron!;;;;;;;;;;;;x,,,,,,,,,,,,,,,,,,,,,,;;;;;;;;;;;;;;;;;;;;;;;;;;;;;;;;;;;;;;
EVTDESC199007;We have reports from $PROVINCENAME$ that a new vein of iron has been discovered, and considering the unemployment in $PROVINCENAME$ this might prove to be a boon indeed.;;;;;;;;;;;;x,,,,,,,,,,,,,,,,,,,,,;;;;;;;;;;;;;;;;;;;;;;;;;;;;;;;;;;;;;;
EVTNAME199009;Prospector Strikes Sulphur!;;;;;;;;;;;;x,,,,,,,,,,,,,,,,,,,,,,;;;;;;;;;;;;;;;;;;;;;;;;;;;;;;;;;;;;;;
EVTDESC199009;We have reports from $PROVINCENAME$ that a new vein of sulphur has been discovered, and considering the unemployment in $PROVINCENAME$ this might prove to be a boon indeed.;;;;;;;;;;;;x,,,,,,,,,,,,,,,,,,,,,;;;;;;;;;;;;;;;;;;;;;;;;;;;;;;;;;;;;;;
EVTNAME199015;Cash Crops;;;;;;;;;;;;x,,,,,,,,,,,,,,,,,,,,,,;;;;;;;;;;;;;;;;;;;;;;;;;;;;;;;;;;;;;;
EVTDESC199015;Considering the levels of unemployment in $PROVINCENAME$, local landowners have begun a movement to switch to the production of cash crops -- in this case cotton, which appears to suited to the local terrain. Whether such a plan would help $PROVINCENAME$ in the long run is unknown, but the landowners are asking for the government's assistance in promoting cotton production.;;;;;;;;;;;;x,,,,,,,,,,,,,,,,,,,;;;;;;;;;;;;;;;;;;;;;;;;;;;;;;;;;;;;;;
EVTDESC199016;Considering the levels of unemployment in $PROVINCENAME$, local landowners have begun a movement to switch to the production of cash crops -- in this case tea, which appears to suited to the local terrain. Whether such a plan would help $PROVINCENAME$ in the long run is unknown, but the landowners are asking for the government's assistance in promoting tea production.;;;;;;;;;;;;x,,,,,,,,,,,,,,,,,,,;;;;;;;;;;;;;;;;;;;;;;;;;;;;;;;;;;;;;;
EVTDESC199017;Considering the levels of unemployment in $PROVINCENAME$, local landowners have begun a movement to switch to the production of cash crops -- in this case spices, which appears to suited to the local terrain. Whether such a plan would help $PROVINCENAME$ in the long run is unknown, but the landowners are asking for the government's assistance in promoting spice production.;;;;;;;;;;;;x,,,,,,,,,,,,,,,,,,,;;;;;;;;;;;;;;;;;;;;;;;;;;;;;;;;;;;;;;
EVTDESC199018;Considering the levels of unemployment in $PROVINCENAME$, local landowners have begun a movement to switch to the production of cash crops -- in this case sheep and wool, which appears to suited to the local terrain. Whether such a plan would help $PROVINCENAME$ in the long run is unknown, but the landowners are asking for the government's assistance in promoting wool production.;;;;;;;;;;;;x,,,,,,,,,,,,,,,,,,,;;;;;;;;;;;;;;;;;;;;;;;;;;;;;;;;;;;;;;
EVTDESC199019;Considering the levels of unemployment in $PROVINCENAME$, local landowners have begun a movement to switch to the production of cash crops -- in this case fruit, which appears to suited to the local terrain. Whether such a plan would help $PROVINCENAME$ in the long run is unknown, but the landowners are asking for the government's assistance in promoting fruit production.;;;;;;;;;;;;x,,,,,,,,,,,,,,,,,,,;;;;;;;;;;;;;;;;;;;;;;;;;;;;;;;;;;;;;;
EVTDESC199020;Considering the levels of unemployment in $PROVINCENAME$, local landowners have begun a movement to switch to the production of cash crops -- in this case tobacco, which appears to suited to the local terrain. Whether such a plan would help $PROVINCENAME$ in the long run is unknown, but the landowners are asking for the government's assistance in promoting tobacco production.;;;;;;;;;;;;x,,,,,,,,,,,,,,,,,,,;;;;;;;;;;;;;;;;;;;;;;;;;;;;;;;;;;;;;;
EVTDESC199021;Considering the levels of unemployment in $PROVINCENAME$, local landowners have begun a movement to switch to the production of cash crops -- in this case coffee, which appears to suited to the local terrain. Whether such a plan would help $PROVINCENAME$ in the long run is unknown, but the landowners are asking for the government's assistance in promoting coffee production.;;;;;;;;;;;;x,,,,,,,,,,,,,,,,,,,;;;;;;;;;;;;;;;;;;;;;;;;;;;;;;;;;;;;;;
EVTDESC199022;Considering the levels of unemployment in $PROVINCENAME$, local landowners have begun a movement to switch to the production of cash crops -- in this case silk, which appears to suited to the local terrain. Whether such a plan would help $PROVINCENAME$ in the long run is unknown, but the landowners are asking for the government's assistance in promoting silk production.;;;;;;;;;;;;x,,,,,,,,,,,,,,,,,,,;;;;;;;;;;;;;;;;;;;;;;;;;;;;;;;;;;;;;;
EVTDESC199023;Considering the levels of unemployment in $PROVINCENAME$, local landowners have begun a movement to switch to the production of cash crops -- in this case sugar, which appears to suited to the local terrain. Whether such a plan would help $PROVINCENAME$ in the long run is unknown, but the landowners are asking for the government's assistance in promoting sugar production.;;;;;;;;;;;;x,,,,,,,,,,,,,,,,,,,;;;;;;;;;;;;;;;;;;;;;;;;;;;;;;;;;;;;;;
EVTNAME199030;Fisheries in $PROVINCENAME$;;;;;;;;;;;;x,,,,,,,,,,,,,,,,,,,,,,;;;;;;;;;;;;;;;;;;;;;;;;;;;;;;;;;;;;;;
EVTDESC199030;Unemployment among workers in $PROVINCENAME$ is high, and many have begun turning to the sea to eke out a living. Local officials are suggesting that the $COUNTRY_ADJ$ support them.;;;;;;;;;;;;x,,,,,,,,,,,,,,,,,,,,,;;;;;;;;;;;;;;;;;;;;;;;;;;;;;;;;;;;;;;
EVTNAME199031;Lumber yards in $PROVINCENAME$;;;;;;;;;;;;x,,,,,,,,,,,,,,,,,,,,,,;;;;;;;;;;;;;;;;;;;;;;;;;;;;;;;;;;;;;;
EVTDESC199031;Unemployment among workers in $PROVINCENAME$ is high, but a possible bright spot is the emergence of several lumber yards. Local officials are suggesting that the $COUNTRY_ADJ$ support the lumber yards and allow them to become $PROVINCENAME$'s new major industry.;;;;;;;;;;;;x,,,,,,,,,,,,,,,,,,,,,;;;;;;;;;;;;;;;;;;;;;;;;;;;;;;;;;;;;;;
EVTNAME199032;Tropical Lumber yards in $PROVINCENAME$;;;;;;;;;;;;x,,,,,,,,,,,,,,,,,,,,,,;;;;;;;;;;;;;;;;;;;;;;;;;;;;;;;;;;;;;;
EVTDESC199032;Unemployment among workers in $PROVINCENAME$ is high, but a possible bright spot is the emergence of several tropical lumber yards. Local officials are suggesting that the $COUNTRY_ADJ$ support the lumber yards and allow them to become $PROVINCENAME$'s new major industry.;;;;;;;;;;;;x,,,,,,,,,,,,,,,,,,,,,;;;;;;;;;;;;;;;;;;;;;;;;;;;;;;;;;;;;;;
EVTNAME199033;Ranches in $PROVINCENAME$;;;;;;;;;;;;x,,,,,,,,,,,,,,,,,,,,,,;;;;;;;;;;;;;;;;;;;;;;;;;;;;;;;;;;;;;;
EVTDESC199033;Unemployment among workers in $PROVINCENAME$ is high, but a possible bright spot is the emergence of several cattle ranches. Local officials are suggesting that the $COUNTRY_ADJ$ support the ranches and allow them to become $PROVINCENAME$'s new major industry.;;;;;;;;;;;;x,,,,,,,,,,,,,,,,,,,,,;;;;;;;;;;;;;;;;;;;;;;;;;;;;;;;;;;;;;;
switched_production;Switched Production;;;;;;;;;;;;;
switched_production_desc;The province has just switched its major production, and locals are still acclimatizing to the change.;;;;;;;;;;;;;
end_of_natural_dyes_title;An End to Natural Dyes?;;;;;;;;;;;;;;;;;;;;;;;;;x;;;;;;;;;;;;;;;;;
end_of_natural_dyes_desc;The discovery of man-made synthetic dyes in the mid-19th century triggered a long decline in the large-scale market for natural dyes. Synthetic dyes, which can be produced in large quantities, quickly superseded natural dyes for the commercial textile production enabled by the industrial revolution, and unlike natural dyes, are suitable for the synthetic fibres that followed. In a few of our provinces, the production of natural dyes is in a steady decline for a few years and now producers can barely sell their product. Faced with bankruptcy, most dye producers are looking for new goods to sell. We can help them look for new markets.;;;;;;;;;;;;;;;;;;;;;;;;;x;;;;;;;;;;;;;;;;;
interwar_warfare_0.5;Lategame Warfare;;;;;;;;;x;;;;
interwar_warfare_0.5_desc;The age of lategame warfare has begun, allowing more frontage.;;;;;;;;;x;;;;
interwar_warfare;Lategame Warfare;;;;;;;;;x;;;;
interwar_warfare_desc;The age of lategame warfare has continued, allowing more frontage.;;;;;;;;;x;;;;
interwar_warfare_2;Lategame Warfare 1925;;;;;;;;;x;;;;
interwar_warfare_2_desc;The age of lategame warfare has continued, allowing more frontage.;;;;;;;;;x;;;;
end_of_natural_dyes_1257_title;An End to Natural Dyes in Chittagong;;;;;;;;;;;;;;;;;;;;;;;;;x;;;;;;;;;;;;;;;;;
end_of_natural_dyes_1257_desc;The discovery of man-made synthetic dyes in the mid-19th century triggered a long decline in the large-scale market for natural dyes. Synthetic dyes, which can be produced in large quantities, quickly superseded natural dyes for the commercial textile production enabled by the industrial revolution, and unlike natural dyes, are suitable for the synthetic fibres that followed. In a few of our provinces, the production of natural dyes is in a steady decline for a few years and now producers can barely sell their product. Faced with bankruptcy, most dye producers are looking for new goods to sell. We can help them look for new markets.;;;;;;;;;;;;;;;;;;;;;;;;;x;;;;;;;;;;;;;;;;;
end_of_natural_dyes_1310_title;An End to Natural Dyes in Madurai;;;;;;;;;;;;;;;;;;;;;;;;;x;;;;;;;;;;;;;;;;;
end_of_natural_dyes_1310_desc;The discovery of man-made synthetic dyes in the mid-19th century triggered a long decline in the large-scale market for natural dyes. Synthetic dyes, which can be produced in large quantities, quickly superseded natural dyes for the commercial textile production enabled by the industrial revolution, and unlike natural dyes, are suitable for the synthetic fibres that followed. In a few of our provinces, the production of natural dyes is in a steady decline for a few years and now producers can barely sell their product. Faced with bankruptcy, most dye producers are looking for new goods to sell. We can help them look for new markets.;;;;;;;;;;;;;;;;;;;;;;;;;x;;;;;;;;;;;;;;;;;
end_of_natural_dyes_1309_title;An End to Natural Dyes in Tanjore;;;;;;;;;;;;;;;;;;;;;;;;;x;;;;;;;;;;;;;;;;;
end_of_natural_dyes_1309_desc;The discovery of man-made synthetic dyes in the mid-19th century triggered a long decline in the large-scale market for natural dyes. Synthetic dyes, which can be produced in large quantities, quickly superseded natural dyes for the commercial textile production enabled by the industrial revolution, and unlike natural dyes, are suitable for the synthetic fibres that followed. In a few of our provinces, the production of natural dyes is in a steady decline for a few years and now producers can barely sell their product. Faced with bankruptcy, most dye producers are looking for new goods to sell. We can help them look for new markets.;;;;;;;;;;;;;;;;;;;;;;;;;x;;;;;;;;;;;;;;;;;
end_of_natural_dyes_1254_title;An End to Natural Dyes in Dacca;;;;;;;;;;;;;;;;;;;;;;;;;x;;;;;;;;;;;;;;;;;
end_of_natural_dyes_1254_desc;The discovery of man-made synthetic dyes in the mid-19th century triggered a long decline in the large-scale market for natural dyes. Synthetic dyes, which can be produced in large quantities, quickly superseded natural dyes for the commercial textile production enabled by the industrial revolution, and unlike natural dyes, are suitable for the synthetic fibres that followed. In a few of our provinces, the production of natural dyes is in a steady decline for a few years and now producers can barely sell their product. Faced with bankruptcy, most dye producers are looking for new goods to sell. We can help them look for new markets.;;;;;;;;;;;;;;;;;;;;;;;;;x;;;;;;;;;;;;;;;;;
end_of_natural_dyes_1251_title;An End to Natural Dyes in Calcutta;;;;;;;;;;;;;;;;;;;;;;;;;x;;;;;;;;;;;;;;;;;
end_of_natural_dyes_1251_desc;The discovery of man-made synthetic dyes in the mid-19th century triggered a long decline in the large-scale market for natural dyes. Synthetic dyes, which can be produced in large quantities, quickly superseded natural dyes for the commercial textile production enabled by the industrial revolution, and unlike natural dyes, are suitable for the synthetic fibres that followed. In a few of our provinces, the production of natural dyes is in a steady decline for a few years and now producers can barely sell their product. Faced with bankruptcy, most dye producers are looking for new goods to sell. We can help them look for new markets.;;;;;;;;;;;;;;;;;;;;;;;;;x;;;;;;;;;;;;;;;;;
end_of_natural_dyes_1241_title;An End to Natural Dyes in Cawnpore;;;;;;;;;;;;;;;;;;;;;;;;;x;;;;;;;;;;;;;;;;;
end_of_natural_dyes_1241_desc;The discovery of man-made synthetic dyes in the mid-19th century triggered a long decline in the large-scale market for natural dyes. Synthetic dyes, which can be produced in large quantities, quickly superseded natural dyes for the commercial textile production enabled by the industrial revolution, and unlike natural dyes, are suitable for the synthetic fibres that followed. In a few of our provinces, the production of natural dyes is in a steady decline for a few years and now producers can barely sell their product. Faced with bankruptcy, most dye producers are looking for new goods to sell. We can help them look for new markets.;;;;;;;;;;;;;;;;;;;;;;;;;x;;;;;;;;;;;;;;;;;
end_of_natural_dyes_1272_title;An End to Natural Dyes in Bhopal;;;;;;;;;;;;;;;;;;;;;;;;;x;;;;;;;;;;;;;;;;;
end_of_natural_dyes_1272_desc;The discovery of man-made synthetic dyes in the mid-19th century triggered a long decline in the large-scale market for natural dyes. Synthetic dyes, which can be produced in large quantities, quickly superseded natural dyes for the commercial textile production enabled by the industrial revolution, and unlike natural dyes, are suitable for the synthetic fibres that followed. In a few of our provinces, the production of natural dyes is in a steady decline for a few years and now producers can barely sell their product. Faced with bankruptcy, most dye producers are looking for new goods to sell. We can help them look for new markets.;;;;;;;;;;;;;;;;;;;;;;;;;x;;;;;;;;;;;;;;;;;
end_of_natural_dyes_1280_title;An End to Natural Dyes in Raipur;;;;;;;;;;;;;;;;;;;;;;;;;x;;;;;;;;;;;;;;;;;
end_of_natural_dyes_1280_desc;The discovery of man-made synthetic dyes in the mid-19th century triggered a long decline in the large-scale market for natural dyes. Synthetic dyes, which can be produced in large quantities, quickly superseded natural dyes for the commercial textile production enabled by the industrial revolution, and unlike natural dyes, are suitable for the synthetic fibres that followed. In a few of our provinces, the production of natural dyes is in a steady decline for a few years and now producers can barely sell their product. Faced with bankruptcy, most dye producers are looking for new goods to sell. We can help them look for new markets.;;;;;;;;;;;;;;;;;;;;;;;;;x;;;;;;;;;;;;;;;;;
end_of_natural_dyes_1277_title;An End to Natural Dyes in Nagpur;;;;;;;;;;;;;;;;;;;;;;;;;x;;;;;;;;;;;;;;;;;
end_of_natural_dyes_1277_desc;The discovery of man-made synthetic dyes in the mid-19th century triggered a long decline in the large-scale market for natural dyes. Synthetic dyes, which can be produced in large quantities, quickly superseded natural dyes for the commercial textile production enabled by the industrial revolution, and unlike natural dyes, are suitable for the synthetic fibres that followed. In a few of our provinces, the production of natural dyes is in a steady decline for a few years and now producers can barely sell their product. Faced with bankruptcy, most dye producers are looking for new goods to sell. We can help them look for new markets.;;;;;;;;;;;;;;;;;;;;;;;;;x;;;;;;;;;;;;;;;;;
end_of_natural_dyes_1276_title;An End to Natural Dyes in Hoshangabad;;;;;;;;;;;;;;;;;;;;;;;;;x;;;;;;;;;;;;;;;;;
end_of_natural_dyes_1276_desc;The discovery of man-made synthetic dyes in the mid-19th century triggered a long decline in the large-scale market for natural dyes. Synthetic dyes, which can be produced in large quantities, quickly superseded natural dyes for the commercial textile production enabled by the industrial revolution, and unlike natural dyes, are suitable for the synthetic fibres that followed. In a few of our provinces, the production of natural dyes is in a steady decline for a few years and now producers can barely sell their product. Faced with bankruptcy, most dye producers are looking for new goods to sell. We can help them look for new markets.;;;;;;;;;;;;;;;;;;;;;;;;;x;;;;;;;;;;;;;;;;;
end_of_natural_dyes_1275_title;An End to Natural Dyes in Jubbulpore;;;;;;;;;;;;;;;;;;;;;;;;;x;;;;;;;;;;;;;;;;;
end_of_natural_dyes_1275_desc;The discovery of man-made synthetic dyes in the mid-19th century triggered a long decline in the large-scale market for natural dyes. Synthetic dyes, which can be produced in large quantities, quickly superseded natural dyes for the commercial textile production enabled by the industrial revolution, and unlike natural dyes, are suitable for the synthetic fibres that followed. In a few of our provinces, the production of natural dyes is in a steady decline for a few years and now producers can barely sell their product. Faced with bankruptcy, most dye producers are looking for new goods to sell. We can help them look for new markets.;;;;;;;;;;;;;;;;;;;;;;;;;x;;;;;;;;;;;;;;;;;
end_of_natural_dyes_1270_title;An End to Natural Dyes in Gwalior;;;;;;;;;;;;;;;;;;;;;;;;;x;;;;;;;;;;;;;;;;;
end_of_natural_dyes_1270_desc;The discovery of man-made synthetic dyes in the mid-19th century triggered a long decline in the large-scale market for natural dyes. Synthetic dyes, which can be produced in large quantities, quickly superseded natural dyes for the commercial textile production enabled by the industrial revolution, and unlike natural dyes, are suitable for the synthetic fibres that followed. In a few of our provinces, the production of natural dyes is in a steady decline for a few years and now producers can barely sell their product. Faced with bankruptcy, most dye producers are looking for new goods to sell. We can help them look for new markets.;;;;;;;;;;;;;;;;;;;;;;;;;x;;;;;;;;;;;;;;;;;
end_of_natural_dyes_2152_title;An End to Natural Dyes in Monclova;;;;;;;;;;;;;;;;;;;;;;;;;x;;;;;;;;;;;;;;;;;
end_of_natural_dyes_2152_desc;The discovery of man-made synthetic dyes in the mid-19th century triggered a long decline in the large-scale market for natural dyes. Synthetic dyes, which can be produced in large quantities, quickly superseded natural dyes for the commercial textile production enabled by the industrial revolution, and unlike natural dyes, are suitable for the synthetic fibres that followed. In a few of our provinces, the production of natural dyes is in a steady decline for a few years and now producers can barely sell their product. Faced with bankruptcy, most dye producers are looking for new goods to sell. We can help them look for new markets.;;;;;;;;;;;;;;;;;;;;;;;;;x;;;;;;;;;;;;;;;;;
end_of_natural_dyes_1273_title;An End to Natural Dyes in Chhatarpur;;;;;;;;;;;;;;;;;;;;;;;;;x;;;;;;;;;;;;;;;;;
end_of_natural_dyes_1273_desc;The discovery of man-made synthetic dyes in the mid-19th century triggered a long decline in the large-scale market for natural dyes. Synthetic dyes, which can be produced in large quantities, quickly superseded natural dyes for the commercial textile production enabled by the industrial revolution, and unlike natural dyes, are suitable for the synthetic fibres that followed. In a few of our provinces, the production of natural dyes is in a steady decline for a few years and now producers can barely sell their product. Faced with bankruptcy, most dye producers are looking for new goods to sell. We can help them look for new markets.;;;;;;;;;;;;;;;;;;;;;;;;;x;;;;;;;;;;;;;;;;;
end_of_natural_dyes_1240_title;An End to Natural Dyes in Agra;;;;;;;;;;;;;;;;;;;;;;;;;x;;;;;;;;;;;;;;;;;
end_of_natural_dyes_1240_desc;The discovery of man-made synthetic dyes in the mid-19th century triggered a long decline in the large-scale market for natural dyes. Synthetic dyes, which can be produced in large quantities, quickly superseded natural dyes for the commercial textile production enabled by the industrial revolution, and unlike natural dyes, are suitable for the synthetic fibres that followed. In a few of our provinces, the production of natural dyes is in a steady decline for a few years and now producers can barely sell their product. Faced with bankruptcy, most dye producers are looking for new goods to sell. We can help them look for new markets.;;;;;;;;;;;;;;;;;;;;;;;;;x;;;;;;;;;;;;;;;;;
end_of_natural_dyes_1433_title;An End to Natural Dyes in Menado;;;;;;;;;;;;;;;;;;;;;;;;;x;;;;;;;;;;;;;;;;;
end_of_natural_dyes_1433_desc;The discovery of man-made synthetic dyes in the mid-19th century triggered a long decline in the large-scale market for natural dyes. Synthetic dyes, which can be produced in large quantities, quickly superseded natural dyes for the commercial textile production enabled by the industrial revolution, and unlike natural dyes, are suitable for the synthetic fibres that followed. In a few of our provinces, the production of natural dyes is in a steady decline for a few years and now producers can barely sell their product. Faced with bankruptcy, most dye producers are looking for new goods to sell. We can help them look for new markets.;;;;;;;;;;;;;;;;;;;;;;;;;x;;;;;;;;;;;;;;;;;
end_of_natural_dyes_1346_title;An End to Natural Dyes in Kendari;;;;;;;;;;;;;;;;;;;;;;;;;x;;;;;;;;;;;;;;;;;
end_of_natural_dyes_1346_desc;The discovery of man-made synthetic dyes in the mid-19th century triggered a long decline in the large-scale market for natural dyes. Synthetic dyes, which can be produced in large quantities, quickly superseded natural dyes for the commercial textile production enabled by the industrial revolution, and unlike natural dyes, are suitable for the synthetic fibres that followed. In a few of our provinces, the production of natural dyes is in a steady decline for a few years and now producers can barely sell their product. Faced with bankruptcy, most dye producers are looking for new goods to sell. We can help them look for new markets.;;;;;;;;;;;;;;;;;;;;;;;;;x;;;;;;;;;;;;;;;;;
end_of_natural_dyes_2151_title;An End to Natural Dyes in Saltillo;;;;;;;;;;;;;;;;;;;;;;;;;x;;;;;;;;;;;;;;;;;
end_of_natural_dyes_2151_desc;The discovery of man-made synthetic dyes in the mid-19th century triggered a long decline in the large-scale market for natural dyes. Synthetic dyes, which can be produced in large quantities, quickly superseded natural dyes for the commercial textile production enabled by the industrial revolution, and unlike natural dyes, are suitable for the synthetic fibres that followed. In a few of our provinces, the production of natural dyes is in a steady decline for a few years and now producers can barely sell their product. Faced with bankruptcy, most dye producers are looking for new goods to sell. We can help them look for new markets.;;;;;;;;;;;;;;;;;;;;;;;;;x;;;;;;;;;;;;;;;;;
end_of_natural_dyes_2176_title;An End to Natural Dyes in Puebla;;;;;;;;;;;;;;;;;;;;;;;;;x;;;;;;;;;;;;;;;;;
end_of_natural_dyes_2176_desc;The discovery of man-made synthetic dyes in the mid-19th century triggered a long decline in the large-scale market for natural dyes. Synthetic dyes, which can be produced in large quantities, quickly superseded natural dyes for the commercial textile production enabled by the industrial revolution, and unlike natural dyes, are suitable for the synthetic fibres that followed. In a few of our provinces, the production of natural dyes is in a steady decline for a few years and now producers can barely sell their product. Faced with bankruptcy, most dye producers are looking for new goods to sell. We can help them look for new markets.;;;;;;;;;;;;;;;;;;;;;;;;;x;;;;;;;;;;;;;;;;;
end_of_natural_dyes_1256_title;An End to Natural Dyes in Jessore;;;;;;;;;;;;;;;;;;;;;;;;;x;;;;;;;;;;;;;;;;;
end_of_natural_dyes_1256_desc;The discovery of man-made synthetic dyes in the mid-19th century triggered a long decline in the large-scale market for natural dyes. Synthetic dyes, which can be produced in large quantities, quickly superseded natural dyes for the commercial textile production enabled by the industrial revolution, and unlike natural dyes, are suitable for the synthetic fibres that followed. In a few of our provinces, the production of natural dyes is in a steady decline for a few years and now producers can barely sell their product. Faced with bankruptcy, most dye producers are looking for new goods to sell. We can help them look for new markets.;;;;;;;;;;;;;;;;;;;;;;;;;x;;;;;;;;;;;;;;;;;
end_of_natural_dyes_411_title;An End to Natural Dyes in Nancy;;;;;;;;;;;;;;;;;;;;;;;;;x;;;;;;;;;;;;;;;;;
end_of_natural_dyes_411_desc;The discovery of man-made synthetic dyes in the mid-19th century triggered a long decline in the large-scale market for natural dyes. Synthetic dyes, which can be produced in large quantities, quickly superseded natural dyes for the commercial textile production enabled by the industrial revolution, and unlike natural dyes, are suitable for the synthetic fibres that followed. In a few of our provinces, the production of natural dyes is in a steady decline for a few years and now producers can barely sell their product. Faced with bankruptcy, most dye producers are looking for new goods to sell. We can help them look for new markets.;;;;;;;;;;;;;;;;;;;;;;;;;x;;;;;;;;;;;;;;;;;
turn_on_dye_decisions_title;Turn on Dye Change Decisions;;;;;;;;;;;;;;;;;;;;;;;;;x;;;;;;;;;;;;;;;;;
turn_on_dye_decisions_desc;Turn on if you want to see decisions related to changing dye RGO's;;;;;;;;;;;;;;;;;;;;;;;;;x;;;;;;;;;;;;;;;;;
turn_off_dye_decisions_title;Turn off Dye Change Decisions;;;;;;;;;;;;;;;;;;;;;;;;;x;;;;;;;;;;;;;;;;;
turn_off_dye_decisions_desc;Turn off if you don't want to see decisions related to changing dye RGO's;;;;;;;;;;;;;;;;;;;;;;;;;x;;;;;;;;;;;;;;;;;
abandon_the_french_title;Drop our Claims on France;;;;;;;;;;;;;;;;;;;;;;;;;x;;;;;;;;;;;;;;;;;
abandon_the_french_desc;We currently have claims on areas of french culture, however this has put our independence at risk as France sees us as a threat, prehaps we should relinquish our claims on France? ;;;;;;;;;;;;;;;;;;;;;;;;;x;;;;;;;;;;;;;;;;;
demand_concession_capital;Demand Capital Concession;;;;;;;;;;;;;
demand_concession_capital_short;Demand $STATE$;;;;;;;;;;;;;
demand_concession_capital_desc;Force an zYuncivilized countryzW to secede their capital to form a colonial concession.;;;;;;;;;;;;;
demand_concession_capital_setup;Demand that $RECIPIENT$ secede their capital to form a colonial concession.;;;;;;;;;;;;;
gtfo_AST_switch_title;Play Australia;;;;;;;;;;;;;;;;;;;;;;;;;x;;;;;;;;;;;;;;;;;
gtfo_AST_switch_desc;Clicking this decision will change the country you are playing to Australia for the person clicking the decision.;;;;;;;;;;;;;;;;;;;;;;;;;x;;;;;;;;;;;;;;;;;
gtfo_CAN_switch_title;Play Canada;;;;;;;;;;;;;;;;;;;;;;;;;x;;;;;;;;;;;;;;;;;
gtfo_CAN_switch_desc;Clicking this decision will change the country you are playing to Canada for the person clicking the decision.;;;;;;;;;;;;;;;;;;;;;;;;;x;;;;;;;;;;;;;;;;;
gtfo_on_switch_title;Turn on Dominion Playerswapping Decisions;;;;;;;;;;;;;;;;;;;;;;;;;x;;;;;;;;;;;;;;;;;
gtfo_on_switch_desc;Clicking this decision will enable decisions which can swap players to dominions.;;;;;;;;;;;;;;;;;;;;;;;;;x;;;;;;;;;;;;;;;;;
gtfo_off_switch_title;Turn off Dominion Playerswapping Decisions;;;;;;;;;;;;;;;;;;;;;;;;;x;;;;;;;;;;;;;;;;;
gtfo_off_switch_desc;Clicking this decision will hide decisions which can swap players to dominions.;;;;;;;;;;;;;;;;;;;;;;;;;x;;;;;;;;;;;;;;;;;
recently_demoted_crafts;Recently Demoted Craftsmen;;;;;;;;;;;;;;;;;;;;;;;x;;;;;;;;;;;;;;;;;
recently_demoted_crafts_desc;We have recently demoted all unaccepted craftsmen.;;;;;;;;;;;;;;;;;;;;;;;x;;;;;;;;;;;;;;;;;
demote_crafts_title;Demote All Unaccepted Craftsmen and Clerks;;;;;;;;;;;;;x
demote_crafts_desc;Using this decision will demote all unaccepted craftsmen and clerks on your own cores, to make way for your own accepted pop crafts..;;;;;;;;;;;;;x
PROV3249;Eastern Baltic Sea;x
UTI;Utility Tag;Utility Tag;Utility Tag;;Utility Tag;;;;;;;;;x;;;;
UTI_ADJ;Fake;Fake;Fake;;Fake;;;;;;;;;x;;;;
canal_notification;Canal Control!;;;;;;;;;;;;;
land_crossing_notification;Non-Blockadeable Strait!;;;;;;;;;;;;;
sea_crossing_notification;Blockadeable Strait!;;;;;;;;;;;;;
seperate_truce;Seperate Peace Truce;;;;;;;;;;;;;;;;;;;;;;;;;;;;;x,,;;;;;;;;;;;;;;;;;;;;;
seperate_truce_desc;Adds a normal truce on the target on seperate peace;;;;;;;;;;;;;;;;;;;;;;;;;;;;x,,;;;;;;;;;;;;;;;;;;;;;
seperate_truce_short;Seperate Peace Truce;;;;;;;;;;;;;;;;;;;;;;;;;;;;;x,,;;;;;;;;;;;;;;;;;;;;;
seperate_truce_setup;Adds a normal truce on the target on seperate peace;;;;;;;;;;;;;;;;;;;;;;;;;;;;;x,,;;;;;;;;;;;;;;;;;;;;;
disable_colonial_clergy_title;Stop Hiring Colonial Clergy;;;;;;;;;;;;;;;;;;;;;;;;;x;;;;;;;;;;;;;;;;;
disable_colonial_clergy_desc;We are currently hiring clergymen in colonies, click this decision to stop it;;;;;;;;;;;;;;;;;;;;;;;;;x;;;;;;;;;;;;;;;;;
enable_colonial_clergy_title;Begin Hiring Colonial Clergy;;;;;;;;;;;;;;;;;;;;;;;;;x;;;;;;;;;;;;;;;;;
enable_colonial_clergy_desc;We are currently not hiring clergymen in colonies, click this decision to start hiring them in colonies;;;;;;;;;;;;;;;;;;;;;;;;;x;;;;;;;;;;;;;;;;;
money_hoarder_1;Money Hoarder (5 million);;;;;;;;;;;;;
money_hoarder_2;Money Hoarder (7.5 million);;;;;;;;;;;;;
money_hoarder_3;Money Hoarder (10 million);;;;;;;;;;;;;
money_hoarder_4;Money Hoarder (15 million);;;;;;;;;;;;;
money_hoarder_5;Money Hoarder (20 million);;;;;;;;;;;;;
money_hoarder_0;Money Hoarder (2.5 million);;;;;;;;;;;;;
show_extra_decisions_title;Show Extra Utility Decisions;;;;;;;;;;;;;;;;;;;;;;;;;x;;;;;;;;;;;;;;;;;
show_extra_decisions_desc;Clicking this decision will show all extra utility decisions, such as demoting unaccepted crafts/bureaucrats, setting a bureaucrat limit, releasing puppets etc.;;;;;;;;;;;;;;;;;;;;;;;;;x;;;;;;;;;;;;;;;;;
hide_extra_decisions_title;Hide Extra Utility Decisions;;;;;;;;;;;;;;;;;;;;;;;;;x;;;;;;;;;;;;;;;;;
hide_extra_decisions_desc;Clicking this decision will hide all extra utility decisions, such as demoting unaccepted crafts/bureaucrats, setting a bureaucrat limit, releasing puppets etc.;;;;;;;;;;;;;;;;;;;;;;;;;x;;;;;;;;;;;;;;;;;
PROV3250;Northern Gibraltar Strait;x
PROV3251;Middle Gibraltar Strait;x
PROV3252;Southern Gibraltar Strait;x
PROV3253;Western Istanbul Strait;x
PROV3254;Eastern Istanbul Strait;x
PROV3255;Northern Gallipoli Strait;x
PROV3256;Southern Gallipoli Strait;x
PROV3257;Fyn Strait;x
make_puppet_small;Make small puppet;CrUer un pays satellite;Erschafft eine Marionette;;;;;;;;;;;x
make_puppet_small_short;$RECIPIENT$ becomes a puppet of $ACTOR$;$RECIPIENT$ devient satellite de $ACTOR$;$RECIPIENT$ wird eine Marionette von $ACTOR$;;;;;;;;;;;x
make_puppet_small_setup;$RECIPIENT$ becomes a puppet of $ACTOR$;$RECIPIENT$ devient satellite de $ACTOR$;$RECIPIENT$ wird eine Marionette von $ACTOR$;;;;;;;;;;;x
make_puppet_small_desc;Become a puppet;Devenir un satellite;Werdet eine Marionette;;;;;;;;;;;x
make_puppet_large;Make large puppet;CrUer un pays satellite;Erschafft eine Marionette;;;;;;;;;;;x
make_puppet_large_short;$RECIPIENT$ becomes a puppet of $ACTOR$;$RECIPIENT$ devient satellite de $ACTOR$;$RECIPIENT$ wird eine Marionette von $ACTOR$;;;;;;;;;;;x
make_puppet_large_setup;$RECIPIENT$ becomes a puppet of $ACTOR$;$RECIPIENT$ devient satellite de $ACTOR$;$RECIPIENT$ wird eine Marionette von $ACTOR$;;;;;;;;;;;x
make_puppet_large_desc;Become a puppet;Devenir un satellite;Werdet eine Marionette;;;;;;;;;;;x
puppet_prestige;Subjugated;;;;;;;;;;;;;
set_crat_cap_title;Evaluate Hiring Cap For Bureaucrats;;;;;;;;;;;;;;;;;;;;;;;;;x;;;;;;;;;;;;;;;;;
set_crat_cap_desc;Clicking this decision will fire an event allowing you to set a cap of how many %'s of bureaucrats you want per state maximum.;;;;;;;;;;;;;;;;;;;;;;;;;x;;;;;;;;;;;;;;;;;
crat_1;1% Bureaucrat Hiring Cap;;;;;;;;;;;;;;;;;;;;;;;x;;;;;;;;;;;;;;;;;
crat_1_desc;We have currently capped bureaucrat hiring at 1% per state.;;;;;;;;;;;;;;;;;;;;;;;x;;;;;;;;;;;;;;;;;
crat_1.1;1.1% Bureaucrat Hiring Cap;;;;;;;;;;;;;;;;;;;;;;;x;;;;;;;;;;;;;;;;;
crat_1.1_desc;We have currently capped bureaucrat hiring at 1.1% per state.;;;;;;;;;;;;;;;;;;;;;;;x;;;;;;;;;;;;;;;;;
crat_1.2;1.2% Bureaucrat Hiring Cap;;;;;;;;;;;;;;;;;;;;;;;x;;;;;;;;;;;;;;;;;
crat_1.2_desc;We have currently capped bureaucrat hiring at 1.2% per state.;;;;;;;;;;;;;;;;;;;;;;;x;;;;;;;;;;;;;;;;;
crat_1.3;1.3% Bureaucrat Hiring Cap;;;;;;;;;;;;;;;;;;;;;;;x;;;;;;;;;;;;;;;;;
crat_1.3_desc;We have currently capped bureaucrat hiring at 1.3% per state.;;;;;;;;;;;;;;;;;;;;;;;x;;;;;;;;;;;;;;;;;
crat_1.4;1.4% Bureaucrat Hiring Cap;;;;;;;;;;;;;;;;;;;;;;;x;;;;;;;;;;;;;;;;;
crat_1.4_desc;We have currently capped bureaucrat hiring at 1.4% per state.;;;;;;;;;;;;;;;;;;;;;;;x;;;;;;;;;;;;;;;;;
crat_1.5;1.5% Bureaucrat Hiring Cap;;;;;;;;;;;;;;;;;;;;;;;x;;;;;;;;;;;;;;;;;
crat_1.5_desc;We have currently capped bureaucrat hiring at 1.5% per state.;;;;;;;;;;;;;;;;;;;;;;;x;;;;;;;;;;;;;;;;;
crat_1.6;1.6% Bureaucrat Hiring Cap;;;;;;;;;;;;;;;;;;;;;;;x;;;;;;;;;;;;;;;;;
crat_1.6_desc;We have currently capped bureaucrat hiring at 1.6% per state.;;;;;;;;;;;;;;;;;;;;;;;x;;;;;;;;;;;;;;;;;
crat_1.7;1.7% Bureaucrat Hiring Cap;;;;;;;;;;;;;;;;;;;;;;;x;;;;;;;;;;;;;;;;;
crat_1.7_desc;We have currently capped bureaucrat hiring at 1.7% per state.;;;;;;;;;;;;;;;;;;;;;;;x;;;;;;;;;;;;;;;;;
crat_1.8;1.8% Bureaucrat Hiring Cap;;;;;;;;;;;;;;;;;;;;;;;x;;;;;;;;;;;;;;;;;
crat_1.8_desc;We have currently capped bureaucrat hiring at 1.8% per state.;;;;;;;;;;;;;;;;;;;;;;;x;;;;;;;;;;;;;;;;;
crat_1.9;1.9% Bureaucrat Hiring Cap;;;;;;;;;;;;;;;;;;;;;;;x;;;;;;;;;;;;;;;;;
crat_1.9_desc;We have currently capped bureaucrat hiring at 1.9% per state.;;;;;;;;;;;;;;;;;;;;;;;x;;;;;;;;;;;;;;;;;
crat_2;2% Bureaucrat Hiring Cap;;;;;;;;;;;;;;;;;;;;;;;x;;;;;;;;;;;;;;;;;
crat_2_desc;We have currently capped bureaucrat hiring at 2% per state.;;;;;;;;;;;;;;;;;;;;;;;x;;;;;;;;;;;;;;;;;
crat_2.1;2.1% Bureaucrat Hiring Cap;;;;;;;;;;;;;;;;;;;;;;;x;;;;;;;;;;;;;;;;;
crat_2.1_desc;We have currently capped bureaucrat hiring at 2.1% per state.;;;;;;;;;;;;;;;;;;;;;;;x;;;;;;;;;;;;;;;;;
crat_2.2;2.2% Bureaucrat Hiring Cap;;;;;;;;;;;;;;;;;;;;;;;x;;;;;;;;;;;;;;;;;
crat_2.2_desc;We have currently capped bureaucrat hiring at 2.2% per state.;;;;;;;;;;;;;;;;;;;;;;;x;;;;;;;;;;;;;;;;;
crat_2.3;2.3% Bureaucrat Hiring Cap;;;;;;;;;;;;;;;;;;;;;;;x;;;;;;;;;;;;;;;;;
crat_2.3_desc;We have currently capped bureaucrat hiring at 2.3% per state.;;;;;;;;;;;;;;;;;;;;;;;x;;;;;;;;;;;;;;;;;
crat_2.4;2.4% Bureaucrat Hiring Cap;;;;;;;;;;;;;;;;;;;;;;;x;;;;;;;;;;;;;;;;;
crat_2.4_desc;We have currently capped bureaucrat hiring at 2.4% per state.;;;;;;;;;;;;;;;;;;;;;;;x;;;;;;;;;;;;;;;;;
crat_2.5;2.5% Bureaucrat Hiring Cap;;;;;;;;;;;;;;;;;;;;;;;x;;;;;;;;;;;;;;;;;
crat_2.5_desc;We have currently capped bureaucrat hiring at 2.5% per state.;;;;;;;;;;;;;;;;;;;;;;;x;;;;;;;;;;;;;;;;;
crat_2.6;2.6% Bureaucrat Hiring Cap;;;;;;;;;;;;;;;;;;;;;;;x;;;;;;;;;;;;;;;;;
crat_2.6_desc;We have currently capped bureaucrat hiring at 2.6% per state.;;;;;;;;;;;;;;;;;;;;;;;x;;;;;;;;;;;;;;;;;
crat_2.7;2.7% Bureaucrat Hiring Cap;;;;;;;;;;;;;;;;;;;;;;;x;;;;;;;;;;;;;;;;;
crat_2.7_desc;We have currently capped bureaucrat hiring at 2.7% per state.;;;;;;;;;;;;;;;;;;;;;;;x;;;;;;;;;;;;;;;;;
crat_2.8;2.8% Bureaucrat Hiring Cap;;;;;;;;;;;;;;;;;;;;;;;x;;;;;;;;;;;;;;;;;
crat_2.8_desc;We have currently capped bureaucrat hiring at 2.8% per state.;;;;;;;;;;;;;;;;;;;;;;;x;;;;;;;;;;;;;;;;;
crat_2.9;2.9% Bureaucrat Hiring Cap;;;;;;;;;;;;;;;;;;;;;;;x;;;;;;;;;;;;;;;;;
crat_2.9_desc;We have currently capped bureaucrat hiring at 2.9% per state.;;;;;;;;;;;;;;;;;;;;;;;x;;;;;;;;;;;;;;;;;
crat_3;3% Bureaucrat Hiring Cap;;;;;;;;;;;;;;;;;;;;;;;x;;;;;;;;;;;;;;;;;
crat_3_desc;We have currently capped bureaucrat hiring at 3% per state.;;;;;;;;;;;;;;;;;;;;;;;x;;;;;;;;;;;;;;;;;
crat_3.1;3.1% Bureaucrat Hiring Cap;;;;;;;;;;;;;;;;;;;;;;;x;;;;;;;;;;;;;;;;;
crat_3.1_desc;We have currently capped bureaucrat hiring at 3.1% per state.;;;;;;;;;;;;;;;;;;;;;;;x;;;;;;;;;;;;;;;;;
crat_3.2;3.2% Bureaucrat Hiring Cap;;;;;;;;;;;;;;;;;;;;;;;x;;;;;;;;;;;;;;;;;
crat_3.2_desc;We have currently capped bureaucrat hiring at 3.2% per state.;;;;;;;;;;;;;;;;;;;;;;;x;;;;;;;;;;;;;;;;;
crat_3.3;3.3% Bureaucrat Hiring Cap;;;;;;;;;;;;;;;;;;;;;;;x;;;;;;;;;;;;;;;;;
crat_3.3_desc;We have currently capped bureaucrat hiring at 3.3% per state.;;;;;;;;;;;;;;;;;;;;;;;x;;;;;;;;;;;;;;;;;
crat_3.4;3.4% Bureaucrat Hiring Cap;;;;;;;;;;;;;;;;;;;;;;;x;;;;;;;;;;;;;;;;;
crat_3.4_desc;We have currently capped bureaucrat hiring at 3.4% per state.;;;;;;;;;;;;;;;;;;;;;;;x;;;;;;;;;;;;;;;;;
crat_3.5;3.5% Bureaucrat Hiring Cap;;;;;;;;;;;;;;;;;;;;;;;x;;;;;;;;;;;;;;;;;
crat_3.5_desc;We have currently capped bureaucrat hiring at 3.5% per state.;;;;;;;;;;;;;;;;;;;;;;;x;;;;;;;;;;;;;;;;;
crat_3.6;3.6% Bureaucrat Hiring Cap;;;;;;;;;;;;;;;;;;;;;;;x;;;;;;;;;;;;;;;;;
crat_3.6_desc;We have currently capped bureaucrat hiring at 3.6% per state.;;;;;;;;;;;;;;;;;;;;;;;x;;;;;;;;;;;;;;;;;
crat_3.7;3.7% Bureaucrat Hiring Cap;;;;;;;;;;;;;;;;;;;;;;;x;;;;;;;;;;;;;;;;;
crat_3.7_desc;We have currently capped bureaucrat hiring at 3.7% per state.;;;;;;;;;;;;;;;;;;;;;;;x;;;;;;;;;;;;;;;;;
crat_3.8;3.8% Bureaucrat Hiring Cap;;;;;;;;;;;;;;;;;;;;;;;x;;;;;;;;;;;;;;;;;
crat_3.8_desc;We have currently capped bureaucrat hiring at 3.8% per state.;;;;;;;;;;;;;;;;;;;;;;;x;;;;;;;;;;;;;;;;;
crat_3.9;3.9% Bureaucrat Hiring Cap;;;;;;;;;;;;;;;;;;;;;;;x;;;;;;;;;;;;;;;;;
crat_3.9_desc;We have currently capped bureaucrat hiring at 3.9% per state.;;;;;;;;;;;;;;;;;;;;;;;x;;;;;;;;;;;;;;;;;
crat_4;4% Bureaucrat Hiring Cap;;;;;;;;;;;;;;;;;;;;;;;x;;;;;;;;;;;;;;;;;
crat_4_desc;We have currently capped bureaucrat hiring at 4% per state.;;;;;;;;;;;;;;;;;;;;;;;x;;;;;;;;;;;;;;;;;
crat_4.1;4.1% Bureaucrat Hiring Cap;;;;;;;;;;;;;;;;;;;;;;;x;;;;;;;;;;;;;;;;;
crat_4.1_desc;We have currently capped bureaucrat hiring at 4.1% per state.;;;;;;;;;;;;;;;;;;;;;;;x;;;;;;;;;;;;;;;;;
crat_4.2;4.2% Bureaucrat Hiring Cap;;;;;;;;;;;;;;;;;;;;;;;x;;;;;;;;;;;;;;;;;
crat_4.2_desc;We have currently capped bureaucrat hiring at 4.2% per state.;;;;;;;;;;;;;;;;;;;;;;;x;;;;;;;;;;;;;;;;;
crat_4.3;4.3% Bureaucrat Hiring Cap;;;;;;;;;;;;;;;;;;;;;;;x;;;;;;;;;;;;;;;;;
crat_4.3_desc;We have currently capped bureaucrat hiring at 4.3% per state.;;;;;;;;;;;;;;;;;;;;;;;x;;;;;;;;;;;;;;;;;
crat_4.4;4.4% Bureaucrat Hiring Cap;;;;;;;;;;;;;;;;;;;;;;;x;;;;;;;;;;;;;;;;;
crat_4.4_desc;We have currently capped bureaucrat hiring at 4.4% per state.;;;;;;;;;;;;;;;;;;;;;;;x;;;;;;;;;;;;;;;;;
crat_4.5;4.5% Bureaucrat Hiring Cap;;;;;;;;;;;;;;;;;;;;;;;x;;;;;;;;;;;;;;;;;
crat_4.5_desc;We have currently capped bureaucrat hiring at 4.5% per state.;;;;;;;;;;;;;;;;;;;;;;;x;;;;;;;;;;;;;;;;;
crat_4.6;4.6% Bureaucrat Hiring Cap;;;;;;;;;;;;;;;;;;;;;;;x;;;;;;;;;;;;;;;;;
crat_4.6_desc;We have currently capped bureaucrat hiring at 4.6% per state.;;;;;;;;;;;;;;;;;;;;;;;x;;;;;;;;;;;;;;;;;
crat_4.7;4.7% Bureaucrat Hiring Cap;;;;;;;;;;;;;;;;;;;;;;;x;;;;;;;;;;;;;;;;;
crat_4.7_desc;We have currently capped bureaucrat hiring at 4.7% per state.;;;;;;;;;;;;;;;;;;;;;;;x;;;;;;;;;;;;;;;;;
crat_4.8;4.8% Bureaucrat Hiring Cap;;;;;;;;;;;;;;;;;;;;;;;x;;;;;;;;;;;;;;;;;
crat_4.8_desc;We have currently capped bureaucrat hiring at 4.8% per state.;;;;;;;;;;;;;;;;;;;;;;;x;;;;;;;;;;;;;;;;;
crat_4.9;4.9% Bureaucrat Hiring Cap;;;;;;;;;;;;;;;;;;;;;;;x;;;;;;;;;;;;;;;;;
crat_4.9_desc;We have currently capped bureaucrat hiring at 4.9% per state.;;;;;;;;;;;;;;;;;;;;;;;x;;;;;;;;;;;;;;;;;
machine_politics;Corruption;;;;;;;;;;;;;;;;;;;;;;;x;;;;;;;;;;;;;;;;;
rotten_boroughs;Underfunded Intitutions;;;;;;;;;;;;;;;;;;;;;;;x;;;;;;;;;;;;;;;;;
desc_machine_politics;Low level petty corruption and bribery of public officals is common in this province, lowering productivity.;;;;;;;;;;;;;;;;;;;;;;;x;;;;;;;;;;;;;;;;;
desc_rotten_boroughs;Underfunded Intitutions means it is harder for citizens and business owners to access public institutions without being politically connected or rich.;;;;;;;;;;;;;;;;;;;;;;;x;;;;;;;;;;;;;;;;;
trinket_subsidies_desc;Very low unemployment subsidies. \nRYou must fund social spending at least 70% to get the rest of the immigration attraction bonus.!;;;;;;;;;;;;;;;;;;;;;;;x;;;;;;;;;;;;;;;;;
low_subsidies_desc;Low unemployment subsidies. \nRYou must fund social spending at least 70% to get the rest of the immigration attraction bonus.!;;;;;;;;;;;;;;;;;;;;;;;x;;;;;;;;;;;;;;;;;
acceptable_subsidies_desc;Extended unemployment subsidies. \nRYou must fund social spending at least 70% to get the rest of the immigration attraction bonus.!;;;;;;;;;;;;;;;;;;;;;;;x;;;;;;;;;;;;;;;;;
good_subsidies_desc;Generous unemployment subsidies. \nRYou must fund social spending at least 70% to get the rest of the immigration attraction bonus.!;;;;;;;;;;;;;;;;;;;;;;;x;;;;;;;;;;;;;;;;;
trinket_pensions_desc;Very low state pensions. \nRYou must fund social spending at least 70% to get the rest of the immigration attraction bonus.!;;;;;;;;;;;;;;;;;;;;;;;x;;;;;;;;;;;;;;;;;
low_pensions_desc;Low state pensions. \nRYou must fund social spending at least 70% to get the rest of the immigration attraction bonus.!;;;;;;;;;;;;;;;;;;;;;;;x;;;;;;;;;;;;;;;;;
acceptable_pensions_desc;Acceptable state pensions. \nRYou must fund social spending at least 70% to get the rest of the immigration attraction bonus.!;;;;;;;;;;;;;;;;;;;;;;;x;;;;;;;;;;;;;;;;;
good_pensions_desc;High state pensions. \nRYou must fund social spending at least 70% to get the rest of the immigration attraction bonus.!;;;;;;;;;;;;;;;;;;;;;;;x;;;;;;;;;;;;;;;;;
low_schools_desc;Public Schools are uncommon. \nRYou must fund admin spending at least 50% to get the rest of the education bonus.!;;;;;;;;;;;;;;;;;;;;;;;x;;;;;;;;;;;;;;;;;
acceptable_schools_desc;Public Schools are common. \nRYou must fund admin spending at least 50% to get the rest of the education bonus.!;;;;;;;;;;;;;;;;;;;;;;;x;;;;;;;;;;;;;;;;;
good_schools_desc;There are really a lot of Public Schools. \nRYou must fund admin spending at least 50% to get the rest of the education bonus.!;;;;;;;;;;;;;;;;;;;;;;;x;;;;;;;;;;;;;;;;;
good_health_care_desc;High quality public healthcare. \nRYou must fund admin spending at least 50% to get the rest of the popgrowth bonus.!;;;;;;;;;;;;;;;;;;;;;;;x;;;;;;;;;;;;;;;;;
unemployment_subsidy_1;Funded Unemployment Subsidies;;;;;;;;;;;;;
unemployment_subsidy_2;Funded Unemployment Subsidies;;;;;;;;;;;;;
unemployment_subsidy_3;Funded Unemployment Subsidies;;;;;;;;;;;;;
unemployment_subsidy_4;Funded Unemployment Subsidies;;;;;;;;;;;;;
pensions_1;Funded Pensions;;;;;;;;;;;;;
pensions_2;Funded Pensions;;;;;;;;;;;;;
pensions_3;Funded Pensions;;;;;;;;;;;;;
pensions_4;Funded Pensions;;;;;;;;;;;;;
schools_1;Funded School System;;;;;;;;;;;;;
schools_2;Funded School System;;;;;;;;;;;;;
schools_3;Funded School System;;;;;;;;;;;;;
good_HC;Funded Good Healthcare;;;;;;;;;;;;;
authorize_gas_warfare_title;Authorize Chemical Warfare;;;;;;;;;;;;x,,,,,,,,,,,,,,,,,,,,,;;;;;;;;;;;;;;;;;;;;;;;;;;;;;;
authorize_gas_warfare_desc;New discoveries and inventions has allowed us to produce chemical weapons for the battlefield, at a cost. \nRRTaking this decision will enable Gas Attack which gives a +1 roll to every battle, but increases land supply costs by 50%, and cannot be undone.!;;;;;;;;;;;;x,,,,,,,,,,,,,,,,,,,,,;;;;;;;;;;;;;;;;;;;;;;;;;;;;;;
JAP_1640;Chugoku;Chugoku;Chugoku;;Chugoku;;;;;;;;;x;
JAP_1667;Shikoku;Shikoku;Shikoku;;Shikoku;;;;;;;;;x;
vassal_interactions_title;Open Vassal Interactions Menu;;;;;;;;;;;;;
vassal_interactions_desc;This decision fires an event which will allow you to free or return cores to your vassals.;;;;;;;;;;;;;
TECH_MINE_OUTPUT;Mining output and throughput;Rendement minier;Bergbauf?derung;;Producci? minera;;;;;;;;;x;;;;
TECH_FARM_OUTPUT;Farming output and throughput;Rendement agricole;Landwirtschaftsleistung;;Producci? agraria;;;;;;;;;x;;;;
MODIFIER_FARM_EFFICIENCY;Farming Output;Efficacit?agricole;Landwirtschaftliche Effizienz;;Rendimiento agr?ola;;;;;;;;;x;;;;
MODIFIER_MINE_EFFICIENCY;Mining Output;Efficacit?mini?e;Bergbaueffizienz;;Rendimiento minero;;;;;;;;;x;;;;
CLN;Uncolonized;Uncolonized;Uncolonized;;Uncolonized;;;;;;;;;x;;;;
CLN_ADJ;Uncolonized;Uncolonized;Uncolonized;;Uncolonized;;;;;;;;;x;;;;
increase_infamy_title;Increase the Infamy of All Target Countries by 1;;;;;;;;;;;;;
increase_infamy_desc;This decision gives all target countries 1 infamy, can be used consecutively to give a specific amount of infamy.;;;;;;;;;;;;;
decrease_infamy_title;Decrease the Infamy of All Target Countries by 1;;;;;;;;;;;;;
decrease_infamy_desc;This decision reduces all target countries by 1 infamy, can be used consecutively to give a specific amount of infamy.;;;;;;;;;;;;;
give_sanctions_title;Give the Target Countries Sanctions;;;;;;;;;;;;;
give_sanctions_desc;Clicking this decision will open a menu allowing you to decide how long the sanctions for the targets will last. Use only if someone's been real naughty.;;;;;;;;;;;;;
turn_off_vassal_payments_title;Exempt Vassals from Contributing to our Treasury!;;;;;;;;;;;;;
turn_off_vassal_payments_desc;Our coffers are full enough and members of the cabinet have put forward the proposal of exempting our vassals, not the substates, from contributing to $COUNTRY$'s treasury. This tax break would boost our relations with them in the short term, but wouldn't benefit our finances in any way.;;;;;;;;;;;;;
turn_on_vassal_payments_title;Oblige Vassals to Contribute to our Treasury!;;;;;;;;;;;;;
turn_on_vassal_payments_desc;The earlier tax break offered to vassals has run its course. We need that every vassal of $COUNTRY$ to do their part and contribute to the maintenance of $COUNTRY_ADJ$ glory.;;;;;;;;;;;;;
request_lend_lease_title;Request Lend Lease;;;;;;;;;;;;;
request_lend_lease_desc;This will request military or industrial goods from other players, similar to a grant. Please note the sender needs to have the "Economic Responsibility" tech in order to recieve the request.;;;;;;;;;;;;;
form_germany_title;Three Hurrahs For Germany! @GER;;;;;;;;;;;;;
form_italy_title;Avanti Italia! @ITA;;;;;;;;;;;;;
form_north_german_confederation_title;The North German Confederation @NGF;;;;;;;;;;;;;
form_south_german_confederation_title;The South German Confederation @SGF;;;;;;;;;;;;;
austrian_form_south_german_confederation_title;The South German Confederation @SGF;;;;;;;;;;;;;
unite_moldavia_wallachia_title;Union of Moldavia and Wallachia! @ROM;;;;;;;;;;;;;
form_gran_colombia_title;Form Gran Colombia @GCO;;;;;;;;;;;;;
form_arabia_title;Form Arabia @ARA;;;;;;;;;;;;;
form_scandinavia_title;Fr Brdrafolkens Vl! @SCA;;;;;;;;;;;
SAC;South Andean Confederation;;;;;;;;;;;
SAC_ADJ;South Andean;;;;;;;;;;;
form_andes_confederacy_title;Form The South Andes Confederacy @SAC;;;;;;;;;;;
form_andes_confederacy_desc;Our dominant position among our cultural brethren puts us in a position to form the South Andes Confederacy.;;;;;;;;;;;
liberty_enlightening_the_world_desc;With our renewed steel industry, we are able to construct The Statue of Liberty, and send it to a promosing upcoming american country.\nRThe decision will fire an event allowing you to pick which country recieves the statue, it will only give it if the country in question exists and is a player.!;;;;;;;;;;;
EVTDESC19300;Keep, ancient lands, your storied pomp!' cries she\n' With silent lips. 'Give me your tired, your poor,\nYour huddled masses yearning to breathe free.'\n\nThe people of France have presented to the $COUNTRY_ADJ$ people a spectacular gift. An enormous copper statue, 151 ft. tall, depicting a woman carrying a torch, representing and named 'Liberty Enlightening The World'. The design has been carried out by one Frederic Auguste Bartholdi. The statue will henceforth be known, simply, as 'The Statue of Liberty'.;;;;;;;;;;;
the_statue_of_liberty_desc;The first thing people see as they approach our great country, by boat from the Old World, is the gleaming tip of an enormous torch, symbolizing the freedom and liberty of the New. For many of the immigrants to our great nation, this will be the lasting first impression of a country forged and born in liberty, and of a new home.;;;;;;;;;;;
start_fake_war_title;Take Direct Control over Puppet Units;;;;;;;;;;;
start_fake_war_desc;Use this decision to declare a "fake" war with a invisible country to allow you to take control of puppet units in peacetime, or re-enable control in a war in which it is bugged.\n You will be able to peace out with it at any time with another decision.;;;;;;;;;;;
end_fake_war_title;Return Control of Puppet Units;;;;;;;;;;;
end_fake_war_desc;Ends the "fake" war and thus relinquishes your control of the puppets.;;;;;;;;;;;
vassal_give_transports_title;Send Military Transports to Coastal Puppets;;;;;;;;;;;
vassal_give_transports_desc;Clicking this decision will fire an event for each of your coastal puppets, allowing you to give them unit transports at the cost of steamers/clippers from your stockpile.\n This decision won't do anything if you don't have any coastal puppets;;;;;;;;;;;
disable_crisis_title;Disable Crisis;;;;;;;;;;;
disable_crisis_desc;Clicking this decision will disable crisies for the entire game.\nThe decision will only be visible till 1837!;;;;;;;;;;;
swap_country_title;Change Tag to the Target Country;;;;;;;;;;;
swap_country_desc;Clicking this decision will change your tag to the target country.;;;;;;;;;;;
swap_country_host_flag_yes_title;Enable Host Flag Following Tag Changes;;;;;;;;;;;
swap_country_host_flag_yes_desc;Clicking this decision will make it so when you change tag, the host nation flag will follow to the nation you swap to.;;;;;;;;;;;
swap_country_host_flag_no_title;Disable Host Flag Following Tag Changes;;;;;;;;;;;
swap_country_host_flag_no_desc;Clicking this decision will disable the host flag following your tag swaps again.;;;;;;;;;;;
select_country_to_swap_title;Set a Player to Tag Switch to a Target Country.;;;;;;;;;;;
select_country_to_swap_desc;Click this decision to set a target country as the player to move to the destination tag with the next decision.;;;;;;;;;;;
select_country_to_swap_to_title;Set The Destination Tag to a Target Country.;;;;;;;;;;;
select_country_to_swap_to_desc;Click this decision to set a target country as the destination tag, and move the initially selected player to said tag.;;;;;;;;;;;
reset_swap_selection_title;Reset Tag Switch Selection;;;;;;;;;;;
reset_swap_selection_desc;Clicking this decision will reset the countries flagged for tag swaps;;;;;;;;;;;
NET_1399;Palembang;Palembang;Palembang;;Palembang;;;;;;;;;x;
NET_1413;West Java;West Java;West Java;;West Java;;;;;;;;;x;
NET_1419;Southeast Java;Southeast Java;Southeast Java;;Southeast Java;;;;;;;;;x;
NET_1421;Northeast Java;Northeast Java;Northeast Java;;Northeast Java;;;;;;;;;x;
acquire_all_cores;Acquire all cores;Prendre territoire cl?Kernprovinzregion erobern;;Adquirir n?leo;;;;;;;;;x;;;;
acquire_all_cores_short;Acquire $STATE$; Prendre le territoire cl?de $STATE$;Kernprovinzregion $STATE$ erobern;;Adquirir $STATE$;;;;;;;;;x;;;;
acquire_all_cores_setup;Acquire all core states from $RECIPIENT$;Prendre territoire cl?$STATE$ ?$RECIPIENT$;Kernprovinzregion $STATE$ von $RECIPIENT$ erobern.;;Adquirir el n?leo de $STATE$ de manos de $RECIPIENT$;;;;;;;;;x;;;;
acquire_all_cores_desc;Acquire all enemy YstatesW where we have Ycore provincesW;Prendre un YtatW ennemi o nous avons des Yprovinces principalesW;Erobern Sie einen feindlichen YStaatW, in dem wir YKernprovinzenW haben.;;Adquirir un YestadoW enemigo donde tenemos Yprovincias ncleoW;;;;;;;;;x
AGRESSION_WAR_ALL_CORES_NAME;$ORDER$War of $FIRST$ Liberation;;;;;;;;;;;;;
NORMAL_WAR_ALL_CORES_NAME;$ORDER$War of $FIRST$ Liberation;;;;;;;;;;;;;
AGRESSION_WAR_ALL_CORES_NAME_USA_MEX;The $ORDER$Mexican-American War;;;;;;;;;;;;;
NORMAL_WAR_ALL_CORES_NAME_USA_MEX;The $ORDER$Mexican-American War;;;;;;;;;;;;;
puppet_break_free_ai_war_title;Break Free From Subject Status;;;;;;;;;;;;;
puppet_break_free_ai_war_desc;Our overlord is using an fake war to keep us in check, let's prove them wrong;;;;;;;;;;;;;
PROV1569;Old Hangzhou;x
BEI_ADJ;Chinese;Chinese;Chinese;;;;;;;;;;;x;
BEI;Beihai Economic Area;Beihai Economic Area;Beihai Economic Area;;;;;;;;;;;x;
BEI_proletarian_dictatorship;Beihai Economic Area;Beihai Economic Area;Beihai Economic Area;;;;;;;;;;;x;
BEI_presidential_dictatorship;Beihai Economic Area;Beihai Economic Area;Beihai Economic Area;;;;;;;;;;;x;
BEI_bourgeois_dictatorship;Beihai Economic Area;Beihai Economic Area;Beihai Economic Area;;;;;;;;;;;x;
BEI_fascist_dictatorship;Beihai Economic Area;Beihai Economic Area;Beihai Economic Area;;;;;;;;;;;x;
BEI_absolute_monarchy;Beihai Economic Area;Beihai Economic Area;Beihai Economic Area;;;;;;;;;;;x;
BEI_prussian_constitutionalism;Beihai Economic Area;Beihai Economic Area;Beihai Economic Area;;;;;;;;;;;x;
BEI_hms_government;Beihai Economic Area;Beihai Economic Area;Beihai Economic Area;;;;;;;;;;;x;
BEI_democracy;Beihai Economic Area;Beihai Economic Area;Beihai Economic Area;;;;;;;;;;;x;
BEI_conservative_92;Conservatives;Conservatives;Conservatives;;;;;;;;;;;x;
BEI_liberal_79;Liberals;Liberals;Liberals;;;;;;;;;;;x;
BEI_liberal_87;National Liberals;National Liberals;National Liberals;;;;;;;;;;;x;
BEI_socialist_84;Socialists;Socialists;Socialists;;;;;;;;;;;x;
BEI_socialist_98;National Socialists;National Socialists;National Socialists;;;;;;;;;;;x;
BEI_reactionary_83;Monarchy Leadership;Monarchy Leadership;Monarchy Leadership;;;;;;;;;;;x;
BEI_anarcho_liberal_93;Radical Liberals;Radical Liberals;Radical Liberals;;;;;;;;;;;x;
BEI_communist_86;Communists;Communists;Communists;;;;;;;;;;;x;
BEI_fascist_71;Fascists;Fascists;Fascists;;;;;;;;;;;x;
FUZ_ADJ;Chinese;Chinese;Chinese;;;;;;;;;;;x;
FUZ;Fuzhou Economic Area;Fuzhou Economic Area;Fuzhou Economic Area;;;;;;;;;;;x;
FUZ_proletarian_dictatorship;Fuzhou Economic Area;Fuzhou Economic Area;Fuzhou Economic Area;;;;;;;;;;;x;
FUZ_presidential_dictatorship;Fuzhou Economic Area;Fuzhou Economic Area;Fuzhou Economic Area;;;;;;;;;;;x;
FUZ_bourgeois_dictatorship;Fuzhou Economic Area;Fuzhou Economic Area;Fuzhou Economic Area;;;;;;;;;;;x;
FUZ_fascist_dictatorship;Fuzhou Economic Area;Fuzhou Economic Area;Fuzhou Economic Area;;;;;;;;;;;x;
FUZ_absolute_monarchy;Fuzhou Economic Area;Fuzhou Economic Area;Fuzhou Economic Area;;;;;;;;;;;x;
FUZ_prussian_constitutionalism;Fuzhou Economic Area;Fuzhou Economic Area;Fuzhou Economic Area;;;;;;;;;;;x;
FUZ_hms_government;Fuzhou Economic Area;Fuzhou Economic Area;Fuzhou Economic Area;;;;;;;;;;;x;
FUZ_democracy;Fuzhou Economic Area;Fuzhou Economic Area;Fuzhou Economic Area;;;;;;;;;;;x;
FUZ_conservative_92;Conservatives;Conservatives;Conservatives;;;;;;;;;;;x;
FUZ_liberal_79;Liberals;Liberals;Liberals;;;;;;;;;;;x;
FUZ_liberal_87;National Liberals;National Liberals;National Liberals;;;;;;;;;;;x;
FUZ_socialist_84;Socialists;Socialists;Socialists;;;;;;;;;;;x;
FUZ_socialist_98;National Socialists;National Socialists;National Socialists;;;;;;;;;;;x;
FUZ_reactionary_83;Monarchy Leadership;Monarchy Leadership;Monarchy Leadership;;;;;;;;;;;x;
FUZ_anarcho_liberal_93;Radical Liberals;Radical Liberals;Radical Liberals;;;;;;;;;;;x;
FUZ_communist_86;Communists;Communists;Communists;;;;;;;;;;;x;
FUZ_fascist_71;Fascists;Fascists;Fascists;;;;;;;;;;;x;
HAG_ADJ;Chinese;Chinese;Chinese;;;;;;;;;;;x;
HAG;Hangzhou Economic Area;Hangzhou Economic Area;Hangzhou Economic Area;;;;;;;;;;;x;
HAG_proletarian_dictatorship;Hangzhou Economic Area;Hangzhou Economic Area;Hangzhou Economic Area;;;;;;;;;;;x;
HAG_presidential_dictatorship;Hangzhou Economic Area;Hangzhou Economic Area;Hangzhou Economic Area;;;;;;;;;;;x;
HAG_bourgeois_dictatorship;Hangzhou Economic Area;Hangzhou Economic Area;Hangzhou Economic Area;;;;;;;;;;;x;
HAG_fascist_dictatorship;Hangzhou Economic Area;Hangzhou Economic Area;Hangzhou Economic Area;;;;;;;;;;;x;
HAG_absolute_monarchy;Hangzhou Economic Area;Hangzhou Economic Area;Hangzhou Economic Area;;;;;;;;;;;x;
HAG_prussian_constitutionalism;Hangzhou Economic Area;Hangzhou Economic Area;Hangzhou Economic Area;;;;;;;;;;;x;
HAG_hms_government;Hangzhou Economic Area;Hangzhou Economic Area;Hangzhou Economic Area;;;;;;;;;;;x;
HAG_democracy;Hangzhou Economic Area;Hangzhou Economic Area;Hangzhou Economic Area;;;;;;;;;;;x;
HAG_conservative_92;Conservatives;Conservatives;Conservatives;;;;;;;;;;;x;
HAG_liberal_79;Liberals;Liberals;Liberals;;;;;;;;;;;x;
HAG_liberal_87;National Liberals;National Liberals;National Liberals;;;;;;;;;;;x;
HAG_socialist_84;Socialists;Socialists;Socialists;;;;;;;;;;;x;
HAG_socialist_98;National Socialists;National Socialists;National Socialists;;;;;;;;;;;x;
HAG_reactionary_83;Monarchy Leadership;Monarchy Leadership;Monarchy Leadership;;;;;;;;;;;x;
HAG_anarcho_liberal_93;Radical Liberals;Radical Liberals;Radical Liberals;;;;;;;;;;;x;
HAG_communist_86;Communists;Communists;Communists;;;;;;;;;;;x;
HAG_fascist_71;Fascists;Fascists;Fascists;;;;;;;;;;;x;
HOG_ADJ;Chinese;Chinese;Chinese;;;;;;;;;;;x;
HOG;Hong Kong Economic Area;Hong Kong Economic Area;Hong Kong Economic Area;;;;;;;;;;;x;
HOG_proletarian_dictatorship;Hong Kong Economic Area;Hong Kong Economic Area;Hong Kong Economic Area;;;;;;;;;;;x;
HOG_presidential_dictatorship;Hong Kong Economic Area;Hong Kong Economic Area;Hong Kong Economic Area;;;;;;;;;;;x;
HOG_bourgeois_dictatorship;Hong Kong Economic Area;Hong Kong Economic Area;Hong Kong Economic Area;;;;;;;;;;;x;
HOG_fascist_dictatorship;Hong Kong Economic Area;Hong Kong Economic Area;Hong Kong Economic Area;;;;;;;;;;;x;
HOG_absolute_monarchy;Hong Kong Economic Area;Hong Kong Economic Area;Hong Kong Economic Area;;;;;;;;;;;x;
HOG_prussian_constitutionalism;Hong Kong Economic Area;Hong Kong Economic Area;Hong Kong Economic Area;;;;;;;;;;;x;
HOG_hms_government;Hong Kong Economic Area;Hong Kong Economic Area;Hong Kong Economic Area;;;;;;;;;;;x;
HOG_democracy;Hong Kong Economic Area;Hong Kong Economic Area;Hong Kong Economic Area;;;;;;;;;;;x;
HOG_conservative_92;Conservatives;Conservatives;Conservatives;;;;;;;;;;;x;
HOG_liberal_79;Liberals;Liberals;Liberals;;;;;;;;;;;x;
HOG_liberal_87;National Liberals;National Liberals;National Liberals;;;;;;;;;;;x;
HOG_socialist_84;Socialists;Socialists;Socialists;;;;;;;;;;;x;
HOG_socialist_98;National Socialists;National Socialists;National Socialists;;;;;;;;;;;x;
HOG_reactionary_83;Monarchy Leadership;Monarchy Leadership;Monarchy Leadership;;;;;;;;;;;x;
HOG_anarcho_liberal_93;Radical Liberals;Radical Liberals;Radical Liberals;;;;;;;;;;;x;
HOG_communist_86;Communists;Communists;Communists;;;;;;;;;;;x;
HOG_fascist_71;Fascists;Fascists;Fascists;;;;;;;;;;;x;
HUA_ADJ;Chinese;Chinese;Chinese;;;;;;;;;;;x;
HUA;Huaian Economic Area;Huaian Economic Area;Huaian Economic Area;;;;;;;;;;;x;
HUA_proletarian_dictatorship;Huaian Economic Area;Huaian Economic Area;Huaian Economic Area;;;;;;;;;;;x;
HUA_presidential_dictatorship;Huaian Economic Area;Huaian Economic Area;Huaian Economic Area;;;;;;;;;;;x;
HUA_bourgeois_dictatorship;Huaian Economic Area;Huaian Economic Area;Huaian Economic Area;;;;;;;;;;;x;
HUA_fascist_dictatorship;Huaian Economic Area;Huaian Economic Area;Huaian Economic Area;;;;;;;;;;;x;
HUA_absolute_monarchy;Huaian Economic Area;Huaian Economic Area;Huaian Economic Area;;;;;;;;;;;x;
HUA_prussian_constitutionalism;Huaian Economic Area;Huaian Economic Area;Huaian Economic Area;;;;;;;;;;;x;
HUA_hms_government;Huaian Economic Area;Huaian Economic Area;Huaian Economic Area;;;;;;;;;;;x;
HUA_democracy;Huaian Economic Area;Huaian Economic Area;Huaian Economic Area;;;;;;;;;;;x;
HUA_conservative_92;Conservatives;Conservatives;Conservatives;;;;;;;;;;;x;
HUA_liberal_79;Liberals;Liberals;Liberals;;;;;;;;;;;x;
HUA_liberal_87;National Liberals;National Liberals;National Liberals;;;;;;;;;;;x;
HUA_socialist_84;Socialists;Socialists;Socialists;;;;;;;;;;;x;
HUA_socialist_98;National Socialists;National Socialists;National Socialists;;;;;;;;;;;x;
HUA_reactionary_83;Monarchy Leadership;Monarchy Leadership;Monarchy Leadership;;;;;;;;;;;x;
HUA_anarcho_liberal_93;Radical Liberals;Radical Liberals;Radical Liberals;;;;;;;;;;;x;
HUA_communist_86;Communists;Communists;Communists;;;;;;;;;;;x;
HUA_fascist_71;Fascists;Fascists;Fascists;;;;;;;;;;;x;
MAC_ADJ;Chinese;Chinese;Chinese;;;;;;;;;;;x;
MAC;Macao Economic Area;Macao Economic Area;Macao Economic Area;;;;;;;;;;;x;
MAC_proletarian_dictatorship;Macao Economic Area;Macao Economic Area;Macao Economic Area;;;;;;;;;;;x;
MAC_presidential_dictatorship;Macao Economic Area;Macao Economic Area;Macao Economic Area;;;;;;;;;;;x;
MAC_bourgeois_dictatorship;Macao Economic Area;Macao Economic Area;Macao Economic Area;;;;;;;;;;;x;
MAC_fascist_dictatorship;Macao Economic Area;Macao Economic Area;Macao Economic Area;;;;;;;;;;;x;
MAC_absolute_monarchy;Macao Economic Area;Macao Economic Area;Macao Economic Area;;;;;;;;;;;x;
MAC_prussian_constitutionalism;Macao Economic Area;Macao Economic Area;Macao Economic Area;;;;;;;;;;;x;
MAC_hms_government;Macao Economic Area;Macao Economic Area;Macao Economic Area;;;;;;;;;;;x;
MAC_democracy;Macao Economic Area;Macao Economic Area;Macao Economic Area;;;;;;;;;;;x;
MAC_conservative_92;Conservatives;Conservatives;Conservatives;;;;;;;;;;;x;
MAC_liberal_79;Liberals;Liberals;Liberals;;;;;;;;;;;x;
MAC_liberal_87;National Liberals;National Liberals;National Liberals;;;;;;;;;;;x;
MAC_socialist_84;Socialists;Socialists;Socialists;;;;;;;;;;;x;
MAC_socialist_98;National Socialists;National Socialists;National Socialists;;;;;;;;;;;x;
MAC_reactionary_83;Monarchy Leadership;Monarchy Leadership;Monarchy Leadership;;;;;;;;;;;x;
MAC_anarcho_liberal_93;Radical Liberals;Radical Liberals;Radical Liberals;;;;;;;;;;;x;
MAC_communist_86;Communists;Communists;Communists;;;;;;;;;;;x;
MAC_fascist_71;Fascists;Fascists;Fascists;;;;;;;;;;;x;
NIN_ADJ;Chinese;Chinese;Chinese;;;;;;;;;;;x;
NIN;Ningbo Economic Area;Ningbo Economic Area;Ningbo Economic Area;;;;;;;;;;;x;
NIN_proletarian_dictatorship;Ningbo Economic Area;Ningbo Economic Area;Ningbo Economic Area;;;;;;;;;;;x;
NIN_presidential_dictatorship;Ningbo Economic Area;Ningbo Economic Area;Ningbo Economic Area;;;;;;;;;;;x;
NIN_bourgeois_dictatorship;Ningbo Economic Area;Ningbo Economic Area;Ningbo Economic Area;;;;;;;;;;;x;
NIN_fascist_dictatorship;Ningbo Economic Area;Ningbo Economic Area;Ningbo Economic Area;;;;;;;;;;;x;
NIN_absolute_monarchy;Ningbo Economic Area;Ningbo Economic Area;Ningbo Economic Area;;;;;;;;;;;x;
NIN_prussian_constitutionalism;Ningbo Economic Area;Ningbo Economic Area;Ningbo Economic Area;;;;;;;;;;;x;
NIN_hms_government;Ningbo Economic Area;Ningbo Economic Area;Ningbo Economic Area;;;;;;;;;;;x;
NIN_democracy;Ningbo Economic Area;Ningbo Economic Area;Ningbo Economic Area;;;;;;;;;;;x;
NIN_conservative_92;Conservatives;Conservatives;Conservatives;;;;;;;;;;;x;
NIN_liberal_79;Liberals;Liberals;Liberals;;;;;;;;;;;x;
NIN_liberal_87;National Liberals;National Liberals;National Liberals;;;;;;;;;;;x;
NIN_socialist_84;Socialists;Socialists;Socialists;;;;;;;;;;;x;
NIN_socialist_98;National Socialists;National Socialists;National Socialists;;;;;;;;;;;x;
NIN_reactionary_83;Monarchy Leadership;Monarchy Leadership;Monarchy Leadership;;;;;;;;;;;x;
NIN_anarcho_liberal_93;Radical Liberals;Radical Liberals;Radical Liberals;;;;;;;;;;;x;
NIN_communist_86;Communists;Communists;Communists;;;;;;;;;;;x;
NIN_fascist_71;Fascists;Fascists;Fascists;;;;;;;;;;;x;
QIN_ADJ;Chinese;Chinese;Chinese;;;;;;;;;;;x;
QIN;Qinhuangdao Economic Area;Qinhuangdao Economic Area;Qinhuangdao Economic Area;;;;;;;;;;;x;
QIN_proletarian_dictatorship;Qinhuangdao Economic Area;Qinhuangdao Economic Area;Qinhuangdao Economic Area;;;;;;;;;;;x;
QIN_presidential_dictatorship;Qinhuangdao Economic Area;Qinhuangdao Economic Area;Qinhuangdao Economic Area;;;;;;;;;;;x;
QIN_bourgeois_dictatorship;Qinhuangdao Economic Area;Qinhuangdao Economic Area;Qinhuangdao Economic Area;;;;;;;;;;;x;
QIN_fascist_dictatorship;Qinhuangdao Economic Area;Qinhuangdao Economic Area;Qinhuangdao Economic Area;;;;;;;;;;;x;
QIN_absolute_monarchy;Qinhuangdao Economic Area;Qinhuangdao Economic Area;Qinhuangdao Economic Area;;;;;;;;;;;x;
QIN_prussian_constitutionalism;Qinhuangdao Economic Area;Qinhuangdao Economic Area;Qinhuangdao Economic Area;;;;;;;;;;;x;
QIN_hms_government;Qinhuangdao Economic Area;Qinhuangdao Economic Area;Qinhuangdao Economic Area;;;;;;;;;;;x;
QIN_democracy;Qinhuangdao Economic Area;Qinhuangdao Economic Area;Qinhuangdao Economic Area;;;;;;;;;;;x;
QIN_conservative_92;Conservatives;Conservatives;Conservatives;;;;;;;;;;;x;
QIN_liberal_79;Liberals;Liberals;Liberals;;;;;;;;;;;x;
QIN_liberal_87;National Liberals;National Liberals;National Liberals;;;;;;;;;;;x;
QIN_socialist_84;Socialists;Socialists;Socialists;;;;;;;;;;;x;
QIN_socialist_98;National Socialists;National Socialists;National Socialists;;;;;;;;;;;x;
QIN_reactionary_83;Monarchy Leadership;Monarchy Leadership;Monarchy Leadership;;;;;;;;;;;x;
QIN_anarcho_liberal_93;Radical Liberals;Radical Liberals;Radical Liberals;;;;;;;;;;;x;
QIN_communist_86;Communists;Communists;Communists;;;;;;;;;;;x;
QIN_fascist_71;Fascists;Fascists;Fascists;;;;;;;;;;;x;
QNG_ADJ;Chinese;Chinese;Chinese;;;;;;;;;;;x;
QNG;Qingdao Economic Area;Qingdao Economic Area;Qingdao Economic Area;;;;;;;;;;;x;
QNG_proletarian_dictatorship;Qingdao Economic Area;Qingdao Economic Area;Qingdao Economic Area;;;;;;;;;;;x;
QNG_presidential_dictatorship;Qingdao Economic Area;Qingdao Economic Area;Qingdao Economic Area;;;;;;;;;;;x;
QNG_bourgeois_dictatorship;Qingdao Economic Area;Qingdao Economic Area;Qingdao Economic Area;;;;;;;;;;;x;
QNG_fascist_dictatorship;Qingdao Economic Area;Qingdao Economic Area;Qingdao Economic Area;;;;;;;;;;;x;
QNG_absolute_monarchy;Qingdao Economic Area;Qingdao Economic Area;Qingdao Economic Area;;;;;;;;;;;x;
QNG_prussian_constitutionalism;Qingdao Economic Area;Qingdao Economic Area;Qingdao Economic Area;;;;;;;;;;;x;
QNG_hms_government;Qingdao Economic Area;Qingdao Economic Area;Qingdao Economic Area;;;;;;;;;;;x;
QNG_democracy;Qingdao Economic Area;Qingdao Economic Area;Qingdao Economic Area;;;;;;;;;;;x;
QNG_conservative_92;Conservatives;Conservatives;Conservatives;;;;;;;;;;;x;
QNG_liberal_79;Liberals;Liberals;Liberals;;;;;;;;;;;x;
QNG_liberal_87;National Liberals;National Liberals;National Liberals;;;;;;;;;;;x;
QNG_socialist_84;Socialists;Socialists;Socialists;;;;;;;;;;;x;
QNG_socialist_98;National Socialists;National Socialists;National Socialists;;;;;;;;;;;x;
QNG_reactionary_83;Monarchy Leadership;Monarchy Leadership;Monarchy Leadership;;;;;;;;;;;x;
QNG_anarcho_liberal_93;Radical Liberals;Radical Liberals;Radical Liberals;;;;;;;;;;;x;
QNG_communist_86;Communists;Communists;Communists;;;;;;;;;;;x;
QNG_fascist_71;Fascists;Fascists;Fascists;;;;;;;;;;;x;
SHA_ADJ;Chinese;Chinese;Chinese;;;;;;;;;;;x;
SHA;Shanghai Economic Area;Shanghai Economic Area;Shanghai Economic Area;;;;;;;;;;;x;
SHA_proletarian_dictatorship;Shanghai Economic Area;Shanghai Economic Area;Shanghai Economic Area;;;;;;;;;;;x;
SHA_presidential_dictatorship;Shanghai Economic Area;Shanghai Economic Area;Shanghai Economic Area;;;;;;;;;;;x;
SHA_bourgeois_dictatorship;Shanghai Economic Area;Shanghai Economic Area;Shanghai Economic Area;;;;;;;;;;;x;
SHA_fascist_dictatorship;Shanghai Economic Area;Shanghai Economic Area;Shanghai Economic Area;;;;;;;;;;;x;
SHA_absolute_monarchy;Shanghai Economic Area;Shanghai Economic Area;Shanghai Economic Area;;;;;;;;;;;x;
SHA_prussian_constitutionalism;Shanghai Economic Area;Shanghai Economic Area;Shanghai Economic Area;;;;;;;;;;;x;
SHA_hms_government;Shanghai Economic Area;Shanghai Economic Area;Shanghai Economic Area;;;;;;;;;;;x;
SHA_democracy;Shanghai Economic Area;Shanghai Economic Area;Shanghai Economic Area;;;;;;;;;;;x;
SHA_conservative_92;Conservatives;Conservatives;Conservatives;;;;;;;;;;;x;
SHA_liberal_79;Liberals;Liberals;Liberals;;;;;;;;;;;x;
SHA_liberal_87;National Liberals;National Liberals;National Liberals;;;;;;;;;;;x;
SHA_socialist_84;Socialists;Socialists;Socialists;;;;;;;;;;;x;
SHA_socialist_98;National Socialists;National Socialists;National Socialists;;;;;;;;;;;x;
SHA_reactionary_83;Monarchy Leadership;Monarchy Leadership;Monarchy Leadership;;;;;;;;;;;x;
SHA_anarcho_liberal_93;Radical Liberals;Radical Liberals;Radical Liberals;;;;;;;;;;;x;
SHA_communist_86;Communists;Communists;Communists;;;;;;;;;;;x;
SHA_fascist_71;Fascists;Fascists;Fascists;;;;;;;;;;;x;
TIA_ADJ;Chinese;Chinese;Chinese;;;;;;;;;;;x;
TIA;Tianjin Economic Area;Tianjin Economic Area;Tianjin Economic Area;;;;;;;;;;;x;
TIA_proletarian_dictatorship;Tianjin Economic Area;Tianjin Economic Area;Tianjin Economic Area;;;;;;;;;;;x;
TIA_presidential_dictatorship;Tianjin Economic Area;Tianjin Economic Area;Tianjin Economic Area;;;;;;;;;;;x;
TIA_bourgeois_dictatorship;Tianjin Economic Area;Tianjin Economic Area;Tianjin Economic Area;;;;;;;;;;;x;
TIA_fascist_dictatorship;Tianjin Economic Area;Tianjin Economic Area;Tianjin Economic Area;;;;;;;;;;;x;
TIA_absolute_monarchy;Tianjin Economic Area;Tianjin Economic Area;Tianjin Economic Area;;;;;;;;;;;x;
TIA_prussian_constitutionalism;Tianjin Economic Area;Tianjin Economic Area;Tianjin Economic Area;;;;;;;;;;;x;
TIA_hms_government;Tianjin Economic Area;Tianjin Economic Area;Tianjin Economic Area;;;;;;;;;;;x;
TIA_democracy;Tianjin Economic Area;Tianjin Economic Area;Tianjin Economic Area;;;;;;;;;;;x;
TIA_conservative_92;Conservatives;Conservatives;Conservatives;;;;;;;;;;;x;
TIA_liberal_79;Liberals;Liberals;Liberals;;;;;;;;;;;x;
TIA_liberal_87;National Liberals;National Liberals;National Liberals;;;;;;;;;;;x;
TIA_socialist_84;Socialists;Socialists;Socialists;;;;;;;;;;;x;
TIA_socialist_98;National Socialists;National Socialists;National Socialists;;;;;;;;;;;x;
TIA_reactionary_83;Monarchy Leadership;Monarchy Leadership;Monarchy Leadership;;;;;;;;;;;x;
TIA_anarcho_liberal_93;Radical Liberals;Radical Liberals;Radical Liberals;;;;;;;;;;;x;
TIA_communist_86;Communists;Communists;Communists;;;;;;;;;;;x;
TIA_fascist_71;Fascists;Fascists;Fascists;;;;;;;;;;;x;
WEN_ADJ;Chinese;Chinese;Chinese;;;;;;;;;;;x;
WEN;Wenzhou Economic Area;Wenzhou Economic Area;Wenzhou Economic Area;;;;;;;;;;;x;
WEN_proletarian_dictatorship;Wenzhou Economic Area;Wenzhou Economic Area;Wenzhou Economic Area;;;;;;;;;;;x;
WEN_presidential_dictatorship;Wenzhou Economic Area;Wenzhou Economic Area;Wenzhou Economic Area;;;;;;;;;;;x;
WEN_bourgeois_dictatorship;Wenzhou Economic Area;Wenzhou Economic Area;Wenzhou Economic Area;;;;;;;;;;;x;
WEN_fascist_dictatorship;Wenzhou Economic Area;Wenzhou Economic Area;Wenzhou Economic Area;;;;;;;;;;;x;
WEN_absolute_monarchy;Wenzhou Economic Area;Wenzhou Economic Area;Wenzhou Economic Area;;;;;;;;;;;x;
WEN_prussian_constitutionalism;Wenzhou Economic Area;Wenzhou Economic Area;Wenzhou Economic Area;;;;;;;;;;;x;
WEN_hms_government;Wenzhou Economic Area;Wenzhou Economic Area;Wenzhou Economic Area;;;;;;;;;;;x;
WEN_democracy;Wenzhou Economic Area;Wenzhou Economic Area;Wenzhou Economic Area;;;;;;;;;;;x;
WEN_conservative_92;Conservatives;Conservatives;Conservatives;;;;;;;;;;;x;
WEN_liberal_79;Liberals;Liberals;Liberals;;;;;;;;;;;x;
WEN_liberal_87;National Liberals;National Liberals;National Liberals;;;;;;;;;;;x;
WEN_socialist_84;Socialists;Socialists;Socialists;;;;;;;;;;;x;
WEN_socialist_98;National Socialists;National Socialists;National Socialists;;;;;;;;;;;x;
WEN_reactionary_83;Monarchy Leadership;Monarchy Leadership;Monarchy Leadership;;;;;;;;;;;x;
WEN_anarcho_liberal_93;Radical Liberals;Radical Liberals;Radical Liberals;;;;;;;;;;;x;
WEN_communist_86;Communists;Communists;Communists;;;;;;;;;;;x;
WEN_fascist_71;Fascists;Fascists;Fascists;;;;;;;;;;;x;
MET_1;Earth;Earth;Earth;;Earth;;;;;;;;;x
CHI_1;Core China;Core China;Core China;;Core China;;;;;;;;;x
JAP_1;Japan;Japan;Japan;;Japan;;;;;;;;;x
high_yield_oil_fields;High-Yield Oil Fields;;;;;;;;;;;;;
high_yield_oil_fields_desc;This oil field has reservoirs bigger than initially thought.;;;;;;;;;;;;;
disable_crafts_promotion_title;Disable Unaccepted Craftsmen Promotion;;;;;;;;;;;
disable_crafts_promotion_desc;Clicking this decision will toggle off unaccepted pops from promotion to craftsmen, untill you turn it back on again.;;;;;;;;;;;
enable_crafts_promotion_title;Enable Unaccepted Craftsmen Promotion;;;;;;;;;;;
enable_crafts_promotion_desc;Clicking this decision will toggle on unaccepted pops from promotion to craftsmen, untill you turn it back off again.;;;;;;;;;;;
